transaction_id,amount,method,payment_date,trip_id,client_id
1,84428.56,crypto,2024-07-23,90,1
2,157099.43,crypto,2024-12-22,57,1
3,14367.4,card,2024-07-24,79,1
4,117697.4,card,2025-02-20,59,2
5,28554.21,crypto,2025-03-28,89,2
6,248163.37,transfer,2025-04-16,41,3
7,508150.09,crypto,2025-05-06,72,3
8,26316.09,crypto,2025-01-16,43,3
9,476225.28,card,2025-01-03,2,4
10,451689.21,transfer,2024-12-06,58,4
11,140562.81,card,2024-06-15,16,4
12,103974.97,card,2025-01-01,53,5
13,26316.09,crypto,2024-10-12,43,6
14,675269.16,transfer,2025-02-28,17,6
15,26316.09,card,2024-11-06,43,7
16,3674843.91,crypto,2025-04-13,21,7
17,588812.0,transfer,2025-02-21,6,7
18,95602.33,card,2024-12-10,64,8
19,28554.21,crypto,2025-02-10,89,8
20,95602.33,transfer,2025-01-10,64,9
21,582221.01,transfer,2024-10-28,102,9
22,387747.83,card,2024-07-01,68,10
23,401956.89,crypto,2025-05-16,14,10
24,207664.34,card,2024-11-16,8,10
25,299914.71,card,2024-07-24,37,11
26,460385.49,crypto,2024-07-17,97,11
27,53753.65,card,2024-12-02,60,11
28,541378.14,transfer,2024-10-06,80,12
29,48493.44,transfer,2024-08-17,82,12
30,526312.69,crypto,2024-07-27,3,12
31,319730.82,crypto,2025-01-18,70,13
32,476225.28,crypto,2025-05-17,2,14
33,28861.21,card,2025-06-06,76,14
34,117697.4,crypto,2025-02-13,59,15
35,106302.45,card,2024-08-04,94,15
36,112369.76,card,2024-10-16,36,15
37,233823.62,crypto,2024-09-09,13,16
38,48493.44,transfer,2024-07-17,82,16
39,520184.49,crypto,2024-09-01,62,16
40,164597.14,card,2025-04-24,5,17
41,87085.26,card,2024-10-25,12,18
42,48493.44,transfer,2024-12-17,82,18
43,84428.56,transfer,2025-01-13,90,18
44,176790.76,card,2025-03-03,44,19
45,266700.28,crypto,2024-10-18,40,19
46,105361.41,transfer,2025-03-17,56,20
47,267592.08,transfer,2024-10-10,73,20
48,135927.01,card,2025-02-19,54,21
49,213742.36,crypto,2025-03-01,27,21
50,196076.89,crypto,2025-05-08,34,21
51,225095.3,crypto,2025-02-22,81,22
52,460385.49,card,2025-02-15,97,22
53,213742.36,crypto,2025-02-22,27,23
54,387747.83,transfer,2024-12-07,68,24
55,499681.07,crypto,2024-10-20,30,24
56,653545.92,card,2025-02-06,29,25
57,24869.61,card,2025-05-22,101,25
58,193448.1,crypto,2025-04-23,74,26
59,675269.16,crypto,2024-10-06,17,26
60,282961.26,crypto,2025-02-02,52,27
61,103974.97,card,2025-02-23,53,27
62,48493.44,card,2025-03-04,82,28
63,319730.82,transfer,2025-03-30,70,29
64,162820.26,crypto,2025-03-21,98,30
65,476225.28,card,2024-06-15,2,31
66,105361.41,card,2025-06-11,56,31
67,190985.74,transfer,2025-05-14,50,31
68,117697.4,crypto,2024-12-29,59,32
69,14367.4,transfer,2024-11-12,79,32
70,112408.81,transfer,2024-09-24,55,32
71,19753.75,card,2024-11-09,51,33
72,207664.34,card,2024-10-07,8,34
73,106302.45,transfer,2024-08-27,94,34
74,128419.88,card,2024-09-13,91,34
75,112369.76,transfer,2025-03-12,36,35
76,45771.33,card,2025-03-11,93,35
77,252268.45,card,2025-03-31,61,36
78,282961.26,crypto,2024-09-11,52,36
79,196159.96,transfer,2025-05-12,18,37
80,584306.78,card,2024-08-30,7,37
81,3442644.3,transfer,2024-10-16,23,37
82,266700.28,transfer,2025-02-14,40,38
83,128419.88,transfer,2025-02-25,91,39
84,319730.82,crypto,2025-06-08,70,39
85,252268.45,transfer,2025-04-23,61,39
86,95602.33,card,2025-03-24,64,40
87,48493.44,crypto,2025-01-26,82,40
88,233823.62,transfer,2025-03-08,13,41
89,113023.31,crypto,2024-06-25,9,42
90,45771.33,transfer,2024-08-22,93,42
91,105361.41,crypto,2025-03-28,56,43
92,248163.37,card,2024-08-13,41,43
93,267592.08,card,2024-12-30,73,44
94,3674843.91,crypto,2024-10-30,21,44
95,157099.43,crypto,2024-10-14,57,45
96,520184.49,crypto,2024-09-06,62,45
97,252268.45,transfer,2024-11-05,61,45
98,269734.68,transfer,2024-10-06,84,46
99,41794.08,transfer,2025-03-02,32,47
100,306230.08,crypto,2025-01-02,66,47
101,197290.2,transfer,2024-09-14,48,47
102,134547.32,crypto,2024-12-29,99,48
103,135927.01,transfer,2024-07-02,54,48
104,28554.21,card,2025-03-05,89,48
105,323911.36,crypto,2024-08-25,86,49
106,387747.83,transfer,2025-01-06,68,50
107,193448.1,transfer,2024-06-14,74,51
108,162820.26,transfer,2024-09-01,98,52
109,103974.97,transfer,2025-02-28,53,52
110,59212.63,card,2024-09-06,100,53
111,520184.49,crypto,2025-02-02,62,53
112,179410.52,crypto,2025-01-02,75,53
113,401956.89,crypto,2025-06-09,14,54
114,123374.72,transfer,2024-06-30,33,54
115,196159.96,crypto,2024-10-24,18,55
116,319991.44,crypto,2025-04-14,63,55
117,123374.72,card,2025-03-04,33,55
118,451689.21,card,2024-07-10,58,56
119,207664.34,crypto,2024-11-30,8,56
120,460385.49,crypto,2024-08-07,97,56
121,197290.2,transfer,2025-01-23,48,57
122,304821.89,card,2024-11-29,77,58
123,266700.28,crypto,2024-06-24,40,58
124,248163.37,crypto,2024-08-31,41,59
125,306230.08,transfer,2025-05-16,66,60
126,128419.88,crypto,2024-12-26,91,60
127,319991.44,transfer,2025-02-16,63,60
128,401956.89,card,2024-11-26,14,61
129,520184.49,crypto,2024-08-06,62,61
130,105361.41,transfer,2024-08-06,56,61
131,134562.35,crypto,2024-07-25,35,62
132,190985.74,card,2024-09-13,50,62
133,283691.43,card,2024-07-04,38,63
134,53753.65,card,2025-02-28,60,64
135,207664.34,transfer,2025-06-06,8,65
136,193448.1,crypto,2024-09-22,74,65
137,3674843.91,crypto,2024-07-30,21,66
138,526312.69,card,2025-05-14,3,66
139,196159.96,transfer,2025-05-03,18,67
140,117697.4,card,2024-10-18,59,68
141,248163.37,transfer,2025-04-09,41,68
142,60252.01,transfer,2024-06-18,10,69
143,528920.06,crypto,2024-09-14,83,70
144,193448.1,crypto,2025-05-15,74,70
145,28554.21,crypto,2024-08-26,89,71
146,207664.34,card,2025-04-13,8,72
147,45771.33,crypto,2024-08-21,93,72
148,2680458.92,transfer,2024-08-01,22,72
149,106302.45,transfer,2024-08-27,94,73
150,28554.21,card,2024-06-19,89,74
151,528920.06,crypto,2024-07-15,83,75
152,319730.82,transfer,2024-08-30,70,76
153,135927.01,transfer,2025-01-13,54,76
154,164597.14,card,2025-03-25,5,76
155,541378.14,crypto,2025-02-16,80,77
156,182741.78,transfer,2024-07-09,96,77
157,26316.09,transfer,2025-01-16,43,77
158,19753.75,card,2025-03-07,51,78
159,134562.35,crypto,2024-10-16,35,78
160,528920.06,crypto,2024-09-12,83,78
161,3442644.3,transfer,2025-03-04,23,79
162,134562.35,crypto,2025-04-12,35,79
163,306230.08,transfer,2025-03-02,66,79
164,112408.81,card,2024-07-22,55,80
165,41794.08,crypto,2024-11-20,32,80
166,103974.97,card,2024-07-12,53,80
167,24869.61,transfer,2024-08-06,101,81
168,190985.74,transfer,2025-04-19,50,81
169,653545.92,crypto,2024-06-17,29,82
170,179410.52,crypto,2024-06-16,75,82
171,130116.12,card,2024-10-17,45,82
172,79500.76,crypto,2024-08-31,88,83
173,233823.62,crypto,2024-06-24,13,83
174,18066.04,card,2024-12-08,87,84
175,582221.01,transfer,2025-02-22,102,85
176,103974.97,transfer,2024-12-26,53,85
177,528920.06,crypto,2024-07-25,83,86
178,3442644.3,crypto,2025-05-14,23,87
179,105361.41,crypto,2025-02-18,56,87
180,584306.78,crypto,2024-11-22,7,88
181,95750.53,card,2025-03-24,69,89
182,156026.3,card,2024-09-21,47,89
183,451689.21,transfer,2024-08-26,58,90
184,323911.36,crypto,2025-01-27,86,91
185,460385.49,card,2025-04-28,97,92
186,675269.16,crypto,2025-05-04,17,93
187,95750.53,card,2025-06-12,69,94
188,60252.01,crypto,2025-03-18,10,94
189,135927.01,card,2024-07-28,54,94
190,319991.44,card,2024-09-13,63,95
191,541378.14,card,2025-06-09,80,95
192,95602.33,card,2024-10-28,64,95
193,113612.53,crypto,2024-07-29,49,96
194,528920.06,card,2024-10-14,83,97
195,2584288.57,card,2024-08-23,24,97
196,45771.33,transfer,2024-11-26,93,98
197,134547.32,transfer,2024-07-05,99,99
198,702420.87,card,2025-01-06,4,99
199,14367.4,crypto,2024-12-25,79,99
200,584306.78,card,2024-10-04,7,100
201,60252.01,card,2024-11-08,10,100
202,593439.83,card,2024-08-11,85,100
203,48493.44,card,2024-11-04,82,101
204,387747.83,transfer,2024-06-25,68,102
205,383740.01,crypto,2024-12-06,67,103
206,113612.53,crypto,2025-06-02,49,103
207,130116.12,crypto,2024-08-02,45,103
208,584306.78,transfer,2025-01-28,7,104
209,84428.56,card,2024-06-18,90,104
210,207664.34,crypto,2024-07-28,8,104
211,584306.78,transfer,2024-08-08,7,105
212,252268.45,crypto,2025-04-06,61,105
213,319730.82,transfer,2025-05-30,70,106
214,2781580.89,card,2024-08-23,25,106
215,283691.43,transfer,2024-10-08,38,106
216,526624.91,card,2025-04-01,19,107
217,130314.66,crypto,2024-12-08,1,108
218,304821.89,card,2024-09-15,77,109
219,112408.81,crypto,2024-11-19,55,110
220,92646.29,transfer,2024-10-01,11,110
221,410681.91,card,2024-10-14,95,110
222,306230.08,card,2024-07-23,66,111
223,135927.01,crypto,2024-07-03,54,112
224,526312.69,transfer,2024-12-30,3,113
225,53753.65,card,2024-12-03,60,114
226,451689.21,card,2025-02-24,58,114
227,248163.37,crypto,2024-08-23,41,114
228,283691.43,card,2024-12-12,38,115
229,207664.34,crypto,2025-05-26,8,115
230,95602.33,card,2024-07-16,64,116
231,266700.28,card,2024-09-20,40,116
232,294288.93,crypto,2024-07-04,71,116
233,584306.78,crypto,2025-05-05,7,117
234,582221.01,transfer,2024-07-17,102,118
235,3674843.91,transfer,2024-12-12,21,118
236,283691.43,transfer,2025-05-31,38,119
237,329807.52,crypto,2024-09-04,39,119
238,112369.76,crypto,2025-01-30,36,120
239,113023.31,crypto,2025-01-27,9,121
240,3442644.3,transfer,2025-01-03,23,121
241,249837.27,card,2024-10-11,78,121
242,213742.36,transfer,2025-05-30,27,122
243,106302.45,crypto,2024-11-04,94,123
244,135927.01,card,2024-06-15,54,124
245,267592.08,crypto,2025-01-10,73,125
246,93517.95,card,2024-11-10,42,125
247,112369.76,transfer,2024-07-11,36,126
248,268920.66,card,2024-12-26,28,127
249,2680458.92,card,2024-10-23,22,127
250,248163.37,crypto,2025-02-17,41,127
251,105361.41,card,2025-01-28,56,128
252,113612.53,card,2024-11-13,49,128
253,267592.08,card,2025-01-10,73,129
254,196076.89,card,2025-04-21,34,129
255,476225.28,card,2024-10-10,2,130
256,48493.44,transfer,2024-10-05,82,130
257,13680.06,crypto,2024-10-11,31,130
258,135927.01,crypto,2024-12-22,54,131
259,4492724.0,card,2025-03-22,20,131
260,526624.91,crypto,2025-03-16,19,131
261,157099.43,transfer,2024-07-16,57,132
262,711009.55,crypto,2024-09-09,65,132
263,193448.1,transfer,2024-10-19,74,133
264,112408.81,transfer,2024-12-22,55,134
265,4492724.0,transfer,2025-01-04,20,134
266,294288.93,transfer,2024-08-17,71,134
267,113023.31,card,2024-10-11,9,135
268,45771.33,transfer,2025-03-06,93,135
269,162820.26,transfer,2025-03-23,98,136
270,14367.4,transfer,2025-02-06,79,136
271,401956.89,card,2025-01-06,14,136
272,3442644.3,transfer,2025-04-20,23,137
273,527536.16,crypto,2024-11-25,46,138
274,113023.31,card,2025-04-04,9,139
275,319730.82,transfer,2025-03-30,70,139
276,92646.29,card,2025-05-03,11,140
277,28861.21,transfer,2024-11-01,76,140
278,197290.2,card,2024-11-03,48,140
279,3674843.91,transfer,2024-11-20,21,141
280,527536.16,transfer,2025-03-05,46,141
281,588812.0,crypto,2024-11-30,6,142
282,19753.75,transfer,2024-07-02,51,142
283,13680.06,transfer,2024-07-09,31,142
284,134547.32,transfer,2024-06-13,99,143
285,476225.28,transfer,2025-01-01,2,143
286,4492724.0,card,2024-06-19,20,144
287,106302.45,transfer,2024-08-04,94,144
288,79500.76,transfer,2024-09-04,88,144
289,193448.1,transfer,2024-08-24,74,145
290,140562.81,card,2024-12-14,16,145
291,84428.56,transfer,2024-12-02,90,145
292,130314.66,card,2024-09-02,1,146
293,319730.82,crypto,2024-11-10,70,146
294,527536.16,transfer,2024-08-22,46,147
295,112408.81,card,2025-04-16,55,147
296,92646.29,transfer,2025-06-09,11,147
297,162820.26,crypto,2024-08-03,98,148
298,105361.41,card,2025-05-04,56,148
299,249837.27,card,2024-07-19,78,148
300,45771.33,transfer,2025-01-28,93,149
301,128419.88,card,2024-12-17,91,149
302,134562.35,transfer,2024-09-26,35,150
303,283691.43,card,2025-06-02,38,150
304,117697.4,crypto,2024-10-23,59,151
305,520184.49,crypto,2025-05-01,62,152
306,79500.76,crypto,2024-11-23,88,152
307,140562.81,transfer,2024-12-29,16,153
308,620615.35,transfer,2025-03-06,15,153
309,213742.36,card,2024-07-14,27,154
310,526624.91,card,2024-11-22,19,154
311,53753.65,transfer,2025-04-06,60,154
312,269734.68,crypto,2025-01-28,84,155
313,527536.16,transfer,2025-04-10,46,155
314,140562.81,crypto,2025-02-10,16,156
315,60252.01,crypto,2024-11-24,10,157
316,323911.36,crypto,2025-01-20,86,157
317,299914.71,card,2025-02-26,37,157
318,3442644.3,crypto,2024-12-17,23,158
319,2680458.92,transfer,2024-08-30,22,158
320,26316.09,transfer,2025-03-18,43,159
321,103974.97,crypto,2024-08-12,53,159
322,134562.35,transfer,2024-08-05,35,160
323,123374.72,crypto,2024-09-12,33,161
324,306230.08,crypto,2024-07-11,66,161
325,106302.45,transfer,2025-01-26,94,161
326,319730.82,card,2025-04-02,70,162
327,84428.56,card,2024-12-17,90,162
328,319991.44,card,2025-03-25,63,163
329,476225.28,card,2025-05-15,2,163
330,702420.87,crypto,2024-09-19,4,164
331,18066.04,transfer,2025-02-08,87,165
332,410681.91,card,2024-11-26,95,165
333,14367.4,transfer,2025-06-11,79,165
334,675269.16,card,2025-02-05,17,166
335,162820.26,crypto,2024-08-31,98,166
336,193448.1,transfer,2025-01-22,74,166
337,95602.33,card,2025-06-01,64,167
338,3442644.3,crypto,2025-03-20,23,167
339,140562.81,crypto,2025-03-24,16,167
340,41794.08,transfer,2025-05-18,32,168
341,252268.45,card,2024-11-25,61,169
342,193448.1,card,2024-07-10,74,169
343,588812.0,transfer,2025-03-16,6,170
344,117697.4,transfer,2024-10-07,59,170
345,268920.66,card,2025-03-15,28,171
346,294288.93,crypto,2025-05-28,71,171
347,329807.52,crypto,2025-05-18,39,172
348,134562.35,transfer,2024-10-19,35,173
349,26316.09,card,2025-04-08,43,173
350,117697.4,transfer,2025-04-03,59,174
351,268920.66,crypto,2024-12-11,28,174
352,3674843.91,card,2025-04-07,21,174
353,45771.33,crypto,2024-09-02,93,175
354,123374.72,transfer,2024-08-24,33,175
355,157099.43,crypto,2024-12-06,57,176
356,103974.97,crypto,2025-05-22,53,176
357,176790.76,card,2024-12-19,44,176
358,196159.96,card,2025-02-05,18,177
359,582221.01,transfer,2024-10-24,102,177
360,197290.2,card,2025-03-16,48,178
361,527536.16,card,2024-10-07,46,178
362,248163.37,transfer,2024-09-10,41,178
363,176790.76,crypto,2024-10-02,44,179
364,105361.41,card,2025-05-04,56,179
365,520184.49,crypto,2025-05-21,62,179
366,711009.55,card,2024-12-19,65,180
367,451689.21,transfer,2025-02-26,58,180
368,584306.78,transfer,2025-03-23,7,181
369,3674843.91,transfer,2024-11-24,21,181
370,387747.83,card,2024-11-11,68,181
371,14367.4,transfer,2025-06-12,79,182
372,319730.82,transfer,2024-12-21,70,182
373,541378.14,card,2024-08-28,80,183
374,2680458.92,transfer,2025-04-08,22,183
375,527536.16,card,2025-05-21,46,183
376,2584288.57,transfer,2024-09-13,24,184
377,123374.72,card,2025-04-29,33,184
378,13680.06,crypto,2024-07-25,31,185
379,499681.07,card,2024-06-26,30,185
380,45771.33,crypto,2024-11-14,93,185
381,59212.63,card,2025-04-20,100,186
382,162820.26,transfer,2024-12-04,98,186
383,387747.83,crypto,2025-04-25,68,187
384,269734.68,card,2025-02-06,84,187
385,451689.21,card,2025-04-23,58,188
386,26316.09,crypto,2024-12-01,43,188
387,269734.68,crypto,2025-04-28,84,188
388,410681.91,transfer,2024-12-25,95,189
389,53753.65,crypto,2024-10-26,60,189
390,48493.44,crypto,2025-05-01,82,190
391,135927.01,crypto,2025-03-28,54,190
392,28861.21,crypto,2025-03-16,76,191
393,329807.52,transfer,2025-03-09,39,192
394,156026.3,crypto,2025-06-11,47,193
395,2680458.92,transfer,2025-04-03,22,193
396,582221.01,card,2024-08-10,102,194
397,182741.78,transfer,2024-12-02,96,194
398,267592.08,card,2024-06-19,73,195
399,60252.01,crypto,2025-01-29,10,195
400,60252.01,crypto,2024-07-29,10,196
401,213742.36,card,2025-01-11,27,196
402,106302.45,card,2024-10-03,94,196
403,18066.04,crypto,2024-12-21,87,197
404,329807.52,card,2024-07-25,39,198
405,45771.33,crypto,2025-02-26,93,198
406,319730.82,crypto,2024-07-20,70,198
407,113023.31,transfer,2024-06-19,9,199
408,134547.32,crypto,2024-07-09,99,199
409,95602.33,crypto,2024-11-19,64,199
410,196159.96,transfer,2024-06-25,18,200
411,26316.09,crypto,2024-07-10,43,200
412,593439.83,card,2025-05-19,85,200
413,105361.41,card,2024-11-26,56,201
414,299914.71,crypto,2024-10-04,37,202
415,176790.76,transfer,2024-10-05,44,203
416,282961.26,card,2025-05-02,52,204
417,48493.44,crypto,2025-03-11,82,204
418,179410.52,card,2025-02-06,75,205
419,2602388.72,transfer,2025-05-25,26,205
420,526312.69,transfer,2025-04-08,3,206
421,112369.76,crypto,2025-01-26,36,206
422,526624.91,transfer,2024-12-21,19,206
423,117697.4,transfer,2024-12-06,59,207
424,14367.4,transfer,2024-10-08,79,207
425,249837.27,transfer,2024-12-30,78,207
426,584306.78,card,2024-09-01,7,208
427,24869.61,crypto,2025-02-02,101,209
428,319991.44,transfer,2024-10-17,63,209
429,268920.66,crypto,2025-04-23,28,210
430,2584288.57,card,2024-07-26,24,210
431,2680458.92,transfer,2024-12-06,22,210
432,283691.43,card,2024-11-26,38,211
433,28554.21,card,2024-07-18,89,212
434,266700.28,crypto,2025-02-08,40,213
435,193448.1,crypto,2024-12-30,74,214
436,103974.97,crypto,2025-04-20,53,215
437,329807.52,transfer,2025-06-06,39,215
438,387747.83,card,2025-03-11,68,215
439,593439.83,transfer,2025-05-16,85,216
440,225095.3,crypto,2024-09-23,81,217
441,282961.26,crypto,2025-02-05,52,217
442,460385.49,crypto,2025-06-08,97,218
443,2584288.57,crypto,2024-10-12,24,218
444,28554.21,card,2025-04-28,89,218
445,60252.01,transfer,2024-07-07,10,219
446,45771.33,crypto,2024-10-04,93,220
447,2781580.89,card,2025-06-03,25,220
448,282961.26,card,2025-03-24,52,221
449,113023.31,card,2025-06-13,9,222
450,294288.93,card,2025-05-26,71,222
451,103974.97,card,2024-12-13,53,222
452,182741.78,transfer,2024-09-21,96,223
453,130116.12,transfer,2025-04-09,45,224
454,499681.07,card,2024-07-06,30,224
455,582221.01,crypto,2024-07-18,102,225
456,95750.53,crypto,2025-03-12,69,226
457,329807.52,crypto,2024-12-30,39,226
458,179410.52,crypto,2025-01-21,75,227
459,93517.95,transfer,2025-06-11,42,227
460,593439.83,transfer,2025-05-18,85,227
461,84428.56,transfer,2024-06-17,90,228
462,451689.21,transfer,2025-02-07,58,228
463,128419.88,transfer,2025-02-17,91,229
464,329807.52,transfer,2024-07-16,39,230
465,18066.04,card,2025-02-01,87,230
466,213742.36,transfer,2025-01-05,27,231
467,106302.45,card,2025-05-22,94,232
468,162820.26,card,2025-04-19,98,232
469,48493.44,transfer,2024-08-11,82,232
470,294288.93,crypto,2025-05-21,71,233
471,103974.97,crypto,2025-05-01,53,233
472,105361.41,card,2024-08-20,56,234
473,112369.76,transfer,2024-12-09,36,234
474,387747.83,card,2024-08-10,68,234
475,157099.43,card,2024-09-29,57,235
476,323911.36,card,2025-02-01,86,235
477,112369.76,card,2024-07-31,36,236
478,306230.08,crypto,2024-09-13,66,236
479,269734.68,card,2024-06-22,84,237
480,225095.3,transfer,2025-02-11,81,237
481,266700.28,crypto,2024-09-12,40,238
482,190985.74,card,2025-01-27,50,238
483,508150.09,transfer,2024-08-28,72,239
484,26316.09,crypto,2025-02-05,43,239
485,19753.75,card,2024-11-02,51,239
486,526312.69,transfer,2025-05-11,3,240
487,179410.52,card,2024-09-20,75,241
488,112369.76,transfer,2024-11-02,36,241
489,117697.4,card,2024-07-18,59,242
490,53753.65,transfer,2024-08-24,60,242
491,520184.49,crypto,2024-07-15,62,243
492,3674843.91,card,2024-06-15,21,244
493,526312.69,transfer,2024-06-30,3,244
494,593439.83,crypto,2025-02-12,85,244
495,207664.34,crypto,2024-07-22,8,245
496,526624.91,transfer,2024-10-18,19,245
497,520184.49,card,2025-02-26,62,246
498,176790.76,crypto,2024-08-29,44,247
499,675269.16,crypto,2025-03-20,17,247
500,196076.89,card,2024-08-09,34,248
501,2584288.57,card,2025-02-17,24,248
502,13680.06,transfer,2025-04-03,31,248
503,193448.1,card,2024-08-09,74,249
504,112408.81,card,2025-05-02,55,250
505,711009.55,card,2025-03-29,65,250
506,93517.95,card,2024-07-02,42,250
507,508150.09,transfer,2025-03-31,72,251
508,28861.21,transfer,2025-04-04,76,251
509,2680458.92,transfer,2025-01-09,22,252
510,410681.91,transfer,2024-09-09,95,253
511,112369.76,card,2024-10-23,36,253
512,2584288.57,transfer,2024-07-11,24,254
513,95750.53,card,2025-01-04,69,254
514,157099.43,transfer,2025-03-09,57,254
515,4492724.0,transfer,2024-12-28,20,255
516,24869.61,crypto,2024-12-29,101,255
517,520184.49,card,2025-04-21,62,256
518,3442644.3,crypto,2024-10-29,23,256
519,3674843.91,card,2024-06-19,21,256
520,267592.08,transfer,2024-09-26,73,257
521,526312.69,card,2024-11-22,3,257
522,197290.2,card,2025-02-11,48,257
523,113023.31,transfer,2025-02-28,9,258
524,79500.76,card,2024-06-25,88,259
525,3442644.3,crypto,2024-10-04,23,259
526,28554.21,transfer,2024-07-28,89,260
527,113023.31,crypto,2024-12-27,9,261
528,329807.52,transfer,2024-06-26,39,262
529,401956.89,transfer,2024-09-16,14,262
530,283691.43,transfer,2024-08-05,38,263
531,112369.76,transfer,2024-11-19,36,263
532,593439.83,transfer,2024-10-23,85,264
533,45771.33,transfer,2024-10-06,93,264
534,269734.68,crypto,2025-01-02,84,264
535,164597.14,crypto,2025-05-25,5,265
536,117697.4,crypto,2024-07-17,59,266
537,702420.87,crypto,2024-08-17,4,266
538,653545.92,card,2024-09-17,29,266
539,2680458.92,card,2025-05-05,22,267
540,156026.3,transfer,2025-01-15,47,267
541,93517.95,transfer,2025-04-27,42,268
542,105361.41,crypto,2025-05-24,56,269
543,113612.53,transfer,2024-12-23,49,269
544,2584288.57,transfer,2024-07-29,24,269
545,193448.1,card,2024-08-08,74,270
546,269734.68,crypto,2024-12-23,84,271
547,329807.52,transfer,2024-12-18,39,271
548,410681.91,card,2025-05-30,95,271
549,252268.45,transfer,2024-11-16,61,272
550,306230.08,card,2024-07-24,66,272
551,451689.21,transfer,2025-03-29,58,273
552,95750.53,card,2024-10-14,69,273
553,499681.07,transfer,2025-03-30,30,274
554,79500.76,card,2025-02-24,88,274
555,3674843.91,transfer,2024-09-22,21,275
556,249837.27,crypto,2025-05-23,78,276
557,41794.08,card,2025-02-23,32,276
558,410681.91,transfer,2024-07-04,95,276
559,106302.45,crypto,2025-03-09,94,277
560,19753.75,transfer,2024-12-28,51,277
561,4492724.0,crypto,2024-10-05,20,278
562,117697.4,crypto,2024-09-28,59,278
563,3442644.3,transfer,2024-08-26,23,278
564,135927.01,transfer,2025-04-26,54,279
565,401956.89,transfer,2025-04-13,14,279
566,196076.89,card,2024-10-23,34,280
567,508150.09,card,2025-03-12,72,281
568,112408.81,crypto,2024-07-22,55,281
569,410681.91,crypto,2025-01-22,95,281
570,92646.29,card,2025-04-23,11,282
571,267592.08,crypto,2025-01-11,73,282
572,2781580.89,card,2024-11-08,25,282
573,584306.78,crypto,2024-08-14,7,283
574,18066.04,transfer,2024-11-23,87,283
575,19753.75,card,2025-04-13,51,283
576,528920.06,crypto,2024-06-16,83,284
577,84428.56,card,2025-03-25,90,284
578,112369.76,card,2025-03-30,36,284
579,526624.91,crypto,2025-04-02,19,285
580,653545.92,transfer,2024-06-29,29,285
581,84428.56,transfer,2025-04-29,90,285
582,162820.26,crypto,2024-09-04,98,286
583,93517.95,card,2024-10-29,42,286
584,508150.09,transfer,2025-05-23,72,286
585,123374.72,card,2024-10-31,33,287
586,248163.37,card,2025-01-31,41,287
587,87085.26,crypto,2024-07-06,12,288
588,130314.66,card,2025-05-01,1,289
589,306230.08,crypto,2024-12-27,66,290
590,45771.33,card,2025-06-12,93,290
591,48493.44,card,2024-12-01,82,290
592,197290.2,card,2024-09-03,48,291
593,225095.3,crypto,2025-03-25,81,291
594,2781580.89,crypto,2024-07-04,25,292
595,196159.96,card,2025-03-20,18,293
596,283691.43,transfer,2024-12-12,38,293
597,26316.09,transfer,2025-03-16,43,294
598,135927.01,crypto,2024-06-25,54,294
599,282961.26,transfer,2025-02-02,52,294
600,140562.81,card,2024-10-09,16,295
601,197290.2,transfer,2024-08-21,48,295
602,106302.45,card,2025-05-12,94,296
603,113023.31,crypto,2025-04-16,9,297
604,653545.92,card,2024-07-12,29,298
605,193448.1,transfer,2025-04-26,74,299
606,105361.41,transfer,2024-08-07,56,299
607,653545.92,crypto,2025-05-08,29,300
608,508150.09,transfer,2025-02-12,72,300
609,582221.01,crypto,2024-11-02,102,301
610,93517.95,card,2024-06-16,42,301
611,130314.66,transfer,2024-06-24,1,302
612,526624.91,card,2024-12-30,19,303
613,41794.08,card,2025-02-06,32,304
614,266700.28,transfer,2024-09-26,40,304
615,28554.21,card,2025-01-19,89,305
616,248163.37,transfer,2024-08-14,41,305
617,45771.33,crypto,2024-11-06,93,306
618,164597.14,card,2024-12-13,5,306
619,2584288.57,crypto,2025-04-30,24,307
620,113612.53,transfer,2024-11-02,49,308
621,582221.01,card,2024-12-26,102,308
622,105361.41,crypto,2024-10-24,56,309
623,593439.83,transfer,2024-10-22,85,309
624,267592.08,transfer,2024-09-01,73,309
625,584306.78,transfer,2024-08-11,7,310
626,53753.65,crypto,2025-03-30,60,310
627,294288.93,card,2024-08-09,71,311
628,128419.88,card,2025-06-12,91,312
629,401956.89,transfer,2025-03-19,14,313
630,130116.12,crypto,2025-03-15,45,313
631,13680.06,transfer,2024-08-30,31,313
632,323911.36,crypto,2025-03-13,86,314
633,79500.76,card,2024-09-09,88,314
634,319991.44,card,2025-01-08,63,315
635,28861.21,crypto,2024-07-08,76,315
636,4492724.0,transfer,2024-08-27,20,316
637,410681.91,card,2024-11-27,95,316
638,182741.78,card,2024-10-15,96,317
639,196159.96,card,2025-02-15,18,317
640,329807.52,transfer,2025-03-09,39,317
641,702420.87,crypto,2024-11-23,4,318
642,383740.01,card,2025-06-01,67,318
643,225095.3,crypto,2025-05-27,81,318
644,526312.69,crypto,2024-09-16,3,319
645,93517.95,card,2024-12-10,42,320
646,179410.52,transfer,2024-12-16,75,320
647,319730.82,card,2024-09-14,70,321
648,130314.66,card,2025-05-31,1,322
649,112408.81,transfer,2024-06-25,55,322
650,520184.49,transfer,2024-10-01,62,323
651,92646.29,crypto,2024-08-31,11,324
652,140562.81,crypto,2024-07-30,16,325
653,87085.26,transfer,2025-04-04,12,326
654,162820.26,crypto,2025-04-17,98,327
655,304821.89,card,2025-01-10,77,327
656,582221.01,card,2025-05-31,102,327
657,233823.62,transfer,2024-11-02,13,328
658,117697.4,crypto,2024-08-26,59,328
659,13680.06,transfer,2025-05-10,31,328
660,113023.31,transfer,2025-01-15,9,329
661,304821.89,crypto,2024-10-01,77,329
662,252268.45,crypto,2024-10-23,61,329
663,499681.07,transfer,2025-03-09,30,330
664,527536.16,crypto,2024-06-24,46,331
665,60252.01,transfer,2024-06-27,10,332
666,387747.83,crypto,2024-06-28,68,333
667,105361.41,transfer,2024-08-13,56,333
668,182741.78,transfer,2024-08-02,96,334
669,193448.1,transfer,2024-11-13,74,334
670,176790.76,transfer,2024-11-08,44,335
671,130116.12,card,2025-04-17,45,336
672,113612.53,card,2025-06-08,49,336
673,28861.21,transfer,2025-03-31,76,336
674,401956.89,card,2025-02-04,14,337
675,2584288.57,crypto,2024-10-11,24,338
676,197290.2,transfer,2025-06-03,48,338
677,526624.91,card,2025-02-02,19,338
678,2781580.89,crypto,2025-03-12,25,339
679,13680.06,transfer,2024-06-17,31,339
680,266700.28,card,2025-03-03,40,339
681,87085.26,transfer,2025-02-07,12,340
682,45771.33,transfer,2024-07-21,93,340
683,112369.76,transfer,2025-05-17,36,341
684,508150.09,transfer,2025-04-08,72,341
685,130314.66,card,2024-09-13,1,341
686,112369.76,transfer,2024-12-25,36,342
687,134547.32,card,2025-05-04,99,342
688,526312.69,transfer,2025-03-13,3,342
689,230580.44,card,2025-03-17,92,343
690,140562.81,card,2024-08-18,16,344
691,675269.16,card,2024-08-09,17,345
692,24869.61,card,2024-08-06,101,345
693,41794.08,crypto,2024-10-30,32,345
694,28861.21,crypto,2024-08-06,76,346
695,156026.3,transfer,2024-11-17,47,346
696,499681.07,crypto,2024-09-13,30,346
697,134562.35,crypto,2025-02-17,35,347
698,323911.36,transfer,2025-05-14,86,347
699,128419.88,crypto,2025-03-28,91,347
700,252268.45,crypto,2025-05-14,61,348
701,135927.01,card,2025-04-15,54,348
702,28861.21,transfer,2025-03-14,76,349
703,179410.52,crypto,2025-02-22,75,350
704,541378.14,crypto,2024-12-22,80,351
705,156026.3,transfer,2024-10-02,47,351
706,2602388.72,card,2024-06-16,26,351
707,304821.89,card,2024-10-31,77,352
708,4492724.0,card,2024-11-24,20,352
709,526624.91,crypto,2025-02-11,19,353
710,112408.81,transfer,2024-11-01,55,353
711,3442644.3,crypto,2025-02-01,23,353
712,4492724.0,card,2024-07-25,20,354
713,588812.0,card,2024-12-28,6,354
714,252268.45,crypto,2025-02-16,61,355
715,541378.14,crypto,2025-02-04,80,355
716,520184.49,transfer,2024-11-08,62,356
717,134547.32,card,2024-12-02,99,357
718,103974.97,transfer,2025-02-21,53,357
719,93517.95,card,2025-01-02,42,357
720,268920.66,transfer,2025-04-20,28,358
721,294288.93,transfer,2025-01-23,71,358
722,526624.91,card,2025-03-28,19,359
723,112408.81,card,2025-04-29,55,359
724,702420.87,crypto,2025-04-12,4,359
725,584306.78,crypto,2025-06-11,7,360
726,41794.08,transfer,2024-12-17,32,361
727,95602.33,transfer,2024-09-05,64,362
728,526312.69,transfer,2024-12-26,3,362
729,113023.31,transfer,2025-05-26,9,363
730,117697.4,crypto,2025-01-16,59,364
731,248163.37,crypto,2024-11-09,41,364
732,252268.45,card,2024-07-19,61,364
733,225095.3,transfer,2024-08-19,81,365
734,702420.87,crypto,2025-06-07,4,365
735,196159.96,card,2024-08-03,18,365
736,113612.53,transfer,2025-04-10,49,366
737,410681.91,card,2024-11-18,95,366
738,176790.76,card,2024-07-17,44,366
739,306230.08,card,2025-01-09,66,367
740,123374.72,crypto,2025-06-03,33,368
741,541378.14,transfer,2024-11-08,80,368
742,2781580.89,card,2025-03-02,25,369
743,117697.4,card,2025-03-08,59,369
744,620615.35,crypto,2024-09-24,15,370
745,113023.31,crypto,2025-03-01,9,370
746,460385.49,transfer,2024-09-13,97,370
747,319991.44,card,2024-12-05,63,371
748,135927.01,card,2025-01-09,54,371
749,2781580.89,card,2024-08-02,25,372
750,106302.45,crypto,2025-02-11,94,372
751,95750.53,crypto,2024-06-19,69,373
752,123374.72,transfer,2025-04-09,33,373
753,14367.4,transfer,2024-09-09,79,373
754,526312.69,transfer,2025-04-11,3,374
755,28861.21,crypto,2024-06-24,76,374
756,323911.36,transfer,2024-07-15,86,375
757,267592.08,crypto,2025-04-21,73,375
758,113612.53,card,2025-01-02,49,375
759,267592.08,transfer,2024-12-02,73,376
760,528920.06,card,2025-04-01,83,376
761,2602388.72,transfer,2024-12-30,26,376
762,128419.88,crypto,2025-03-01,91,377
763,526624.91,transfer,2025-03-07,19,378
764,593439.83,transfer,2025-05-04,85,378
765,702420.87,transfer,2025-02-13,4,378
766,19753.75,transfer,2024-12-04,51,379
767,24869.61,card,2025-05-22,101,380
768,95602.33,card,2024-10-13,64,381
769,196076.89,card,2024-08-15,34,381
770,526624.91,card,2024-10-08,19,382
771,268920.66,card,2025-05-20,28,383
772,45771.33,transfer,2024-12-17,93,383
773,588812.0,card,2025-05-20,6,384
774,520184.49,transfer,2025-02-03,62,384
775,620615.35,card,2025-02-01,15,385
776,207664.34,crypto,2024-06-14,8,385
777,41794.08,card,2024-12-28,32,385
778,675269.16,transfer,2025-05-25,17,386
779,117697.4,crypto,2024-09-14,59,386
780,95602.33,crypto,2024-11-16,64,387
781,711009.55,transfer,2025-01-21,65,387
782,103974.97,transfer,2024-08-04,53,388
783,2584288.57,transfer,2025-01-10,24,389
784,106302.45,crypto,2025-04-29,94,390
785,2584288.57,card,2024-09-17,24,391
786,26316.09,transfer,2025-06-07,43,391
787,134547.32,card,2024-07-30,99,391
788,60252.01,transfer,2024-11-13,10,392
789,134547.32,crypto,2025-05-31,99,392
790,267592.08,crypto,2025-03-06,73,393
791,112369.76,card,2025-01-26,36,394
792,319991.44,crypto,2024-12-16,63,394
793,230580.44,crypto,2024-12-23,92,395
794,3442644.3,transfer,2025-03-02,23,396
795,299914.71,transfer,2024-11-13,37,397
796,269734.68,card,2024-12-16,84,397
797,162820.26,crypto,2024-08-15,98,397
798,520184.49,transfer,2025-05-19,62,398
799,190985.74,transfer,2025-02-28,50,399
800,294288.93,transfer,2024-10-10,71,400
801,18066.04,card,2024-12-10,87,401
802,84428.56,card,2024-11-04,90,401
803,28554.21,crypto,2025-01-06,89,401
804,248163.37,card,2025-06-07,41,402
805,526624.91,crypto,2024-07-03,19,402
806,135927.01,card,2025-05-30,54,403
807,653545.92,transfer,2024-06-28,29,404
808,230580.44,crypto,2024-07-01,92,404
809,252268.45,card,2024-08-12,61,405
810,527536.16,transfer,2025-05-22,46,406
811,294288.93,transfer,2024-07-03,71,406
812,460385.49,crypto,2024-06-22,97,407
813,14367.4,transfer,2025-05-01,79,408
814,28861.21,transfer,2024-10-20,76,409
815,249837.27,crypto,2025-02-20,78,410
816,476225.28,crypto,2024-08-30,2,411
817,113612.53,crypto,2024-11-15,49,411
818,92646.29,crypto,2024-11-17,11,412
819,527536.16,crypto,2024-09-23,46,412
820,283691.43,card,2024-06-17,38,412
821,653545.92,card,2024-08-10,29,413
822,179410.52,crypto,2024-09-19,75,413
823,135927.01,crypto,2024-07-02,54,414
824,48493.44,crypto,2025-02-26,82,414
825,266700.28,crypto,2024-10-18,40,415
826,294288.93,crypto,2024-11-14,71,415
827,128419.88,transfer,2025-02-13,91,416
828,106302.45,card,2025-02-16,94,416
829,140562.81,crypto,2025-02-11,16,417
830,196159.96,card,2025-04-21,18,418
831,26316.09,transfer,2024-12-12,43,419
832,103974.97,card,2024-10-07,53,420
833,140562.81,crypto,2024-07-05,16,421
834,162820.26,crypto,2024-12-07,98,421
835,213742.36,card,2024-12-21,27,422
836,84428.56,transfer,2025-02-10,90,422
837,197290.2,card,2025-01-08,48,422
838,249837.27,transfer,2024-09-13,78,423
839,156026.3,card,2025-05-05,47,424
840,233823.62,crypto,2025-04-26,13,425
841,2680458.92,transfer,2025-05-21,22,426
842,584306.78,crypto,2024-11-19,7,427
843,230580.44,card,2025-05-11,92,427
844,520184.49,crypto,2024-07-13,62,428
845,541378.14,card,2025-03-11,80,429
846,190985.74,crypto,2025-03-15,50,429
847,156026.3,transfer,2024-12-16,47,430
848,87085.26,transfer,2024-07-24,12,430
849,319730.82,card,2025-05-23,70,430
850,156026.3,crypto,2025-01-21,47,431
851,179410.52,crypto,2025-03-02,75,431
852,196159.96,card,2024-07-19,18,432
853,164597.14,transfer,2024-12-13,5,433
854,526312.69,crypto,2024-10-20,3,433
855,526312.69,card,2025-01-29,3,434
856,282961.26,crypto,2025-02-05,52,435
857,323911.36,card,2024-07-11,86,435
858,323911.36,transfer,2024-09-25,86,436
859,233823.62,transfer,2025-05-30,13,436
860,4492724.0,card,2024-08-23,20,437
861,140562.81,transfer,2024-11-09,16,437
862,112408.81,crypto,2025-02-24,55,438
863,84428.56,transfer,2025-04-11,90,439
864,329807.52,crypto,2025-03-12,39,440
865,95602.33,card,2024-07-06,64,441
866,196076.89,transfer,2024-10-12,34,442
867,319730.82,card,2025-02-16,70,442
868,106302.45,crypto,2024-11-06,94,443
869,675269.16,card,2024-07-19,17,444
870,28554.21,card,2025-03-09,89,444
871,252268.45,card,2025-01-14,61,445
872,526624.91,card,2025-03-24,19,445
873,19753.75,crypto,2024-09-18,51,446
874,2602388.72,transfer,2025-04-21,26,446
875,193448.1,transfer,2024-11-01,74,446
876,304821.89,card,2024-08-27,77,447
877,283691.43,transfer,2025-03-11,38,447
878,182741.78,card,2025-02-28,96,448
879,196159.96,crypto,2025-02-05,18,448
880,319730.82,card,2025-02-16,70,449
881,135927.01,crypto,2024-10-30,54,449
882,233823.62,card,2025-02-11,13,450
883,304821.89,crypto,2024-06-21,77,451
884,156026.3,crypto,2024-12-11,47,451
885,28554.21,crypto,2025-03-18,89,451
886,197290.2,transfer,2025-01-15,48,452
887,383740.01,card,2024-11-19,67,452
888,213742.36,card,2024-07-16,27,452
889,2602388.72,crypto,2024-07-18,26,453
890,3442644.3,card,2024-10-31,23,453
891,588812.0,card,2025-05-19,6,453
892,182741.78,crypto,2025-01-02,96,454
893,113612.53,crypto,2024-11-01,49,454
894,526624.91,card,2024-07-22,19,455
895,282961.26,crypto,2025-02-07,52,455
896,197290.2,crypto,2025-04-08,48,456
897,383740.01,transfer,2025-05-23,67,456
898,176790.76,crypto,2024-10-27,44,456
899,197290.2,transfer,2024-07-26,48,457
900,252268.45,crypto,2025-05-27,61,458
901,92646.29,transfer,2024-07-23,11,459
902,323911.36,transfer,2024-11-30,86,460
903,526312.69,crypto,2024-10-18,3,460
904,306230.08,transfer,2025-04-14,66,460
905,508150.09,crypto,2024-11-25,72,461
906,269734.68,transfer,2024-11-16,84,461
907,128419.88,transfer,2024-10-06,91,461
908,103974.97,card,2025-04-29,53,462
909,112408.81,transfer,2025-01-29,55,462
910,306230.08,transfer,2024-09-18,66,463
911,269734.68,crypto,2025-02-22,84,464
912,28861.21,transfer,2024-11-20,76,465
913,87085.26,crypto,2024-06-20,12,465
914,304821.89,crypto,2024-06-30,77,465
915,113023.31,card,2024-10-28,9,466
916,2680458.92,transfer,2025-04-14,22,467
917,128419.88,card,2024-12-13,91,467
918,45771.33,crypto,2024-10-29,93,468
919,401956.89,transfer,2024-07-17,14,468
920,269734.68,transfer,2024-10-17,84,469
921,95750.53,card,2024-07-16,69,469
922,248163.37,card,2024-08-05,41,469
923,269734.68,card,2025-01-09,84,470
924,527536.16,card,2024-09-14,46,470
925,176790.76,crypto,2024-07-20,44,470
926,95750.53,card,2024-10-16,69,471
927,179410.52,crypto,2024-07-13,75,471
928,267592.08,card,2024-12-31,73,471
929,593439.83,card,2024-07-31,85,472
930,41794.08,card,2024-07-24,32,472
931,230580.44,transfer,2025-06-03,92,472
932,26316.09,crypto,2024-07-31,43,473
933,176790.76,card,2025-02-05,44,473
934,269734.68,transfer,2025-02-17,84,473
935,134562.35,transfer,2025-05-15,35,474
936,248163.37,transfer,2025-04-28,41,474
937,196076.89,card,2024-10-03,34,475
938,164597.14,transfer,2024-08-11,5,475
939,304821.89,crypto,2025-04-10,77,475
940,620615.35,card,2024-12-17,15,476
941,59212.63,crypto,2024-10-20,100,476
942,59212.63,card,2024-07-28,100,477
943,134547.32,transfer,2025-01-21,99,477
944,230580.44,crypto,2024-08-23,92,477
945,252268.45,transfer,2025-01-16,61,478
946,130116.12,card,2024-09-17,45,478
947,4492724.0,crypto,2024-06-15,20,478
948,304821.89,crypto,2024-12-08,77,479
949,319730.82,transfer,2025-02-24,70,480
950,526312.69,crypto,2025-03-24,3,480
951,207664.34,crypto,2025-05-23,8,481
952,248163.37,crypto,2024-09-01,41,481
953,134562.35,transfer,2024-11-25,35,482
954,711009.55,card,2024-09-23,65,483
955,304821.89,card,2024-12-06,77,483
956,156026.3,card,2025-05-27,47,484
957,267592.08,card,2025-03-19,73,485
958,13680.06,transfer,2024-11-02,31,485
959,319991.44,card,2024-11-12,63,486
960,2584288.57,card,2024-08-03,24,487
961,196159.96,transfer,2024-07-03,18,487
962,294288.93,card,2025-04-15,71,488
963,2781580.89,crypto,2024-09-21,25,488
964,41794.08,transfer,2025-03-02,32,489
965,45771.33,crypto,2024-08-26,93,489
966,130116.12,crypto,2025-06-03,45,489
967,299914.71,transfer,2025-06-10,37,490
968,294288.93,crypto,2025-03-06,71,490
969,113612.53,transfer,2024-07-02,49,490
970,3674843.91,card,2025-04-05,21,491
971,48493.44,card,2024-09-23,82,492
972,59212.63,card,2024-09-30,100,492
973,319991.44,transfer,2024-12-04,63,493
974,207664.34,crypto,2025-01-02,8,493
975,2584288.57,transfer,2024-09-24,24,494
976,383740.01,crypto,2024-12-28,67,495
977,460385.49,crypto,2024-08-20,97,496
978,95602.33,crypto,2024-09-08,64,496
979,387747.83,transfer,2024-10-24,68,496
980,207664.34,card,2024-07-27,8,497
981,593439.83,transfer,2025-06-08,85,498
982,528920.06,crypto,2024-11-20,83,499
983,79500.76,crypto,2025-02-01,88,499
984,197290.2,transfer,2024-07-08,48,499
985,182741.78,card,2024-06-30,96,500
986,541378.14,card,2025-01-09,80,500
987,93517.95,crypto,2024-09-22,42,501
988,329807.52,transfer,2025-01-30,39,501
989,323911.36,transfer,2024-09-02,86,501
990,18066.04,transfer,2025-03-05,87,502
991,541378.14,card,2025-06-11,80,503
992,319991.44,card,2024-06-23,63,503
993,92646.29,crypto,2025-02-13,11,504
994,3442644.3,card,2024-12-11,23,504
995,140562.81,transfer,2024-11-30,16,504
996,526624.91,transfer,2024-07-20,19,505
997,157099.43,transfer,2025-04-01,57,505
998,92646.29,transfer,2025-03-25,11,506
999,541378.14,transfer,2024-08-20,80,506
1000,128419.88,crypto,2024-06-16,91,507
1001,196159.96,transfer,2024-09-17,18,507
1002,117697.4,crypto,2025-01-27,59,508
1003,527536.16,transfer,2024-11-09,46,508
1004,268920.66,crypto,2024-11-02,28,509
1005,526312.69,crypto,2025-03-22,3,509
1006,87085.26,card,2024-10-22,12,510
1007,282961.26,card,2024-07-20,52,511
1008,103974.97,crypto,2025-04-21,53,512
1009,323911.36,crypto,2024-10-05,86,512
1010,702420.87,card,2024-09-07,4,512
1011,92646.29,card,2024-10-21,11,513
1012,157099.43,card,2025-04-19,57,513
1013,140562.81,card,2024-06-25,16,513
1014,162820.26,crypto,2024-11-07,98,514
1015,19753.75,transfer,2025-01-14,51,514
1016,3674843.91,transfer,2025-05-29,21,514
1017,92646.29,crypto,2024-12-05,11,515
1018,117697.4,card,2025-04-25,59,515
1019,193448.1,crypto,2024-08-17,74,516
1020,60252.01,card,2024-09-13,10,517
1021,95602.33,transfer,2024-11-06,64,517
1022,164597.14,crypto,2025-03-13,5,518
1023,157099.43,card,2024-07-15,57,518
1024,134547.32,card,2024-09-29,99,519
1025,105361.41,card,2024-06-17,56,520
1026,383740.01,crypto,2024-11-04,67,520
1027,329807.52,card,2025-03-20,39,520
1028,123374.72,crypto,2025-01-29,33,521
1029,117697.4,crypto,2024-07-07,59,522
1030,106302.45,crypto,2024-09-29,94,522
1031,410681.91,card,2025-04-27,95,522
1032,319730.82,transfer,2025-05-04,70,523
1033,268920.66,crypto,2025-02-12,28,523
1034,319730.82,crypto,2024-06-22,70,524
1035,92646.29,transfer,2025-05-26,11,525
1036,584306.78,transfer,2024-11-12,7,525
1037,176790.76,crypto,2025-02-10,44,526
1038,508150.09,transfer,2025-01-15,72,526
1039,193448.1,transfer,2024-11-12,74,527
1040,528920.06,card,2024-12-10,83,527
1041,499681.07,card,2025-04-07,30,528
1042,282961.26,card,2025-03-12,52,528
1043,18066.04,transfer,2024-07-07,87,529
1044,41794.08,card,2024-11-13,32,529
1045,299914.71,crypto,2024-07-28,37,529
1046,207664.34,crypto,2025-02-11,8,530
1047,306230.08,transfer,2025-05-15,66,531
1048,268920.66,transfer,2024-09-29,28,532
1049,113612.53,crypto,2024-10-24,49,533
1050,3442644.3,crypto,2025-05-28,23,534
1051,13680.06,crypto,2024-12-02,31,534
1052,249837.27,crypto,2025-04-17,78,535
1053,164597.14,card,2024-12-01,5,535
1054,45771.33,transfer,2024-07-22,93,536
1055,53753.65,transfer,2024-07-09,60,536
1056,528920.06,card,2025-06-07,83,537
1057,41794.08,card,2025-06-12,32,537
1058,130314.66,crypto,2024-10-16,1,538
1059,304821.89,crypto,2024-10-08,77,538
1060,196076.89,transfer,2024-11-21,34,538
1061,87085.26,card,2024-11-28,12,539
1062,249837.27,crypto,2024-10-06,78,539
1063,306230.08,transfer,2024-10-15,66,540
1064,304821.89,card,2024-07-25,77,540
1065,105361.41,card,2025-01-02,56,540
1066,460385.49,crypto,2024-06-22,97,541
1067,207664.34,crypto,2024-10-30,8,541
1068,41794.08,crypto,2024-11-21,32,542
1069,207664.34,transfer,2024-11-05,8,542
1070,95750.53,card,2024-07-28,69,542
1071,306230.08,card,2024-10-01,66,543
1072,233823.62,crypto,2024-07-25,13,543
1073,156026.3,crypto,2024-12-21,47,543
1074,283691.43,transfer,2025-05-25,38,544
1075,620615.35,card,2024-07-27,15,545
1076,28554.21,card,2024-07-24,89,545
1077,584306.78,crypto,2024-12-12,7,545
1078,233823.62,card,2024-10-13,13,546
1079,3442644.3,crypto,2024-12-20,23,546
1080,387747.83,transfer,2024-09-19,68,546
1081,582221.01,transfer,2024-09-20,102,547
1082,117697.4,card,2025-02-11,59,548
1083,588812.0,card,2024-09-30,6,548
1084,197290.2,crypto,2024-09-15,48,549
1085,105361.41,crypto,2025-02-22,56,549
1086,179410.52,card,2025-06-06,75,550
1087,230580.44,crypto,2024-06-23,92,550
1088,117697.4,transfer,2025-04-15,59,551
1089,28554.21,transfer,2025-03-15,89,551
1090,113023.31,transfer,2025-05-10,9,552
1091,527536.16,transfer,2025-04-29,46,552
1092,59212.63,transfer,2024-11-17,100,552
1093,283691.43,crypto,2025-03-06,38,553
1094,112408.81,card,2025-03-13,55,553
1095,2584288.57,crypto,2025-05-31,24,553
1096,248163.37,card,2024-11-13,41,554
1097,48493.44,transfer,2025-03-20,82,554
1098,230580.44,crypto,2024-06-15,92,555
1099,508150.09,crypto,2025-04-06,72,555
1100,135927.01,transfer,2024-07-11,54,555
1101,92646.29,card,2024-10-21,11,556
1102,213742.36,crypto,2025-06-09,27,557
1103,3674843.91,crypto,2024-07-19,21,558
1104,230580.44,transfer,2024-06-14,92,558
1105,653545.92,card,2025-05-22,29,559
1106,106302.45,transfer,2025-04-03,94,559
1107,2680458.92,transfer,2024-09-14,22,559
1108,92646.29,crypto,2025-05-24,11,560
1109,13680.06,card,2025-06-01,31,561
1110,2602388.72,card,2025-03-31,26,561
1111,266700.28,transfer,2024-12-19,40,561
1112,59212.63,card,2024-10-07,100,562
1113,190985.74,card,2024-07-18,50,563
1114,383740.01,card,2024-11-07,67,563
1115,3442644.3,transfer,2024-12-24,23,564
1116,93517.95,transfer,2025-03-09,42,564
1117,135927.01,card,2024-07-20,54,565
1118,675269.16,crypto,2025-03-20,17,566
1119,528920.06,crypto,2024-09-13,83,566
1120,196076.89,card,2025-04-26,34,567
1121,162820.26,card,2025-04-08,98,568
1122,164597.14,card,2024-09-05,5,568
1123,106302.45,card,2024-12-22,94,569
1124,60252.01,transfer,2024-12-12,10,569
1125,269734.68,transfer,2024-11-02,84,569
1126,527536.16,card,2025-04-16,46,570
1127,197290.2,transfer,2024-11-05,48,570
1128,269734.68,card,2025-04-16,84,570
1129,164597.14,crypto,2024-07-21,5,571
1130,105361.41,crypto,2025-01-19,56,571
1131,588812.0,crypto,2024-11-20,6,572
1132,329807.52,crypto,2024-07-05,39,572
1133,113023.31,card,2025-01-28,9,573
1134,593439.83,card,2025-06-03,85,573
1135,182741.78,crypto,2025-03-03,96,573
1136,653545.92,card,2024-09-14,29,574
1137,134547.32,crypto,2024-08-14,99,574
1138,103974.97,card,2025-04-18,53,575
1139,383740.01,card,2024-08-29,67,575
1140,252268.45,crypto,2024-12-26,61,576
1141,541378.14,card,2024-12-11,80,577
1142,28861.21,card,2025-04-21,76,577
1143,28554.21,crypto,2025-02-05,89,577
1144,230580.44,crypto,2025-03-31,92,578
1145,112408.81,transfer,2024-08-20,55,578
1146,520184.49,transfer,2024-07-30,62,578
1147,213742.36,card,2024-06-28,27,579
1148,401956.89,transfer,2024-12-15,14,580
1149,13680.06,crypto,2024-07-01,31,580
1150,207664.34,transfer,2025-01-17,8,581
1151,179410.52,crypto,2024-07-14,75,582
1152,130116.12,card,2025-02-12,45,583
1153,197290.2,card,2025-01-14,48,583
1154,182741.78,card,2025-05-22,96,584
1155,4492724.0,card,2024-09-17,20,584
1156,196076.89,transfer,2024-12-23,34,585
1157,248163.37,crypto,2025-03-07,41,585
1158,528920.06,card,2024-08-04,83,586
1159,323911.36,crypto,2025-04-12,86,587
1160,128419.88,transfer,2024-10-01,91,587
1161,140562.81,card,2025-02-10,16,588
1162,176790.76,card,2025-05-05,44,588
1163,233823.62,transfer,2025-02-10,13,588
1164,117697.4,crypto,2025-02-14,59,589
1165,230580.44,card,2024-09-22,92,589
1166,329807.52,card,2024-11-24,39,590
1167,294288.93,card,2024-07-13,71,590
1168,103974.97,transfer,2025-03-15,53,590
1169,230580.44,card,2025-06-03,92,591
1170,282961.26,card,2024-08-13,52,591
1171,156026.3,transfer,2025-03-09,47,592
1172,248163.37,transfer,2024-07-25,41,592
1173,190985.74,card,2025-03-18,50,593
1174,230580.44,crypto,2024-08-01,92,593
1175,176790.76,crypto,2024-12-10,44,593
1176,319730.82,transfer,2025-02-17,70,594
1177,24869.61,card,2024-10-14,101,594
1178,196076.89,crypto,2024-09-21,34,594
1179,190985.74,card,2024-10-18,50,595
1180,92646.29,transfer,2024-07-02,11,596
1181,134547.32,card,2025-04-01,99,596
1182,84428.56,crypto,2025-04-04,90,597
1183,197290.2,transfer,2024-10-09,48,598
1184,266700.28,transfer,2025-04-25,40,598
1185,508150.09,card,2025-02-27,72,598
1186,3674843.91,transfer,2024-06-28,21,599
1187,95602.33,crypto,2024-09-14,64,599
1188,2602388.72,crypto,2024-06-18,26,599
1189,526312.69,transfer,2025-05-20,3,600
1190,526624.91,crypto,2024-07-16,19,600
1191,19753.75,card,2024-10-27,51,601
1192,329807.52,card,2024-08-03,39,602
1193,113612.53,card,2025-05-06,49,602
1194,269734.68,transfer,2024-09-19,84,602
1195,130314.66,crypto,2025-03-20,1,603
1196,128419.88,card,2025-03-27,91,603
1197,225095.3,card,2025-01-10,81,604
1198,164597.14,transfer,2024-08-01,5,604
1199,520184.49,crypto,2025-02-12,62,605
1200,460385.49,crypto,2025-01-12,97,605
1201,323911.36,crypto,2025-01-02,86,605
1202,323911.36,transfer,2024-10-02,86,606
1203,87085.26,card,2024-11-21,12,607
1204,653545.92,card,2025-02-26,29,608
1205,3442644.3,crypto,2025-05-21,23,608
1206,319730.82,transfer,2024-06-26,70,608
1207,319991.44,crypto,2025-03-26,63,609
1208,60252.01,transfer,2024-08-29,10,609
1209,282961.26,transfer,2024-09-22,52,610
1210,283691.43,transfer,2024-09-30,38,610
1211,410681.91,card,2024-11-14,95,610
1212,26316.09,crypto,2025-01-26,43,611
1213,207664.34,transfer,2024-06-24,8,611
1214,323911.36,card,2025-03-23,86,611
1215,45771.33,transfer,2025-02-27,93,612
1216,24869.61,transfer,2024-07-21,101,613
1217,588812.0,transfer,2024-08-27,6,613
1218,105361.41,card,2025-03-12,56,613
1219,233823.62,transfer,2024-09-21,13,614
1220,87085.26,transfer,2024-08-27,12,614
1221,123374.72,card,2025-05-30,33,615
1222,541378.14,crypto,2024-09-07,80,615
1223,207664.34,transfer,2024-10-04,8,615
1224,93517.95,transfer,2024-12-22,42,616
1225,193448.1,card,2025-01-19,74,617
1226,593439.83,crypto,2025-03-02,85,617
1227,53753.65,crypto,2025-05-17,60,617
1228,387747.83,transfer,2025-05-24,68,618
1229,541378.14,crypto,2025-05-26,80,618
1230,520184.49,crypto,2025-04-25,62,618
1231,112369.76,card,2025-04-15,36,619
1232,28861.21,card,2024-09-26,76,619
1233,323911.36,card,2025-03-17,86,620
1234,410681.91,crypto,2025-05-21,95,620
1235,582221.01,crypto,2025-05-27,102,620
1236,197290.2,crypto,2024-09-15,48,621
1237,105361.41,transfer,2024-09-10,56,621
1238,87085.26,crypto,2024-10-27,12,621
1239,252268.45,crypto,2024-11-24,61,622
1240,117697.4,card,2025-04-28,59,622
1241,233823.62,transfer,2025-01-03,13,622
1242,112408.81,crypto,2024-11-30,55,623
1243,197290.2,crypto,2024-11-20,48,623
1244,179410.52,card,2024-06-15,75,624
1245,283691.43,card,2025-05-02,38,624
1246,268920.66,transfer,2025-01-24,28,624
1247,176790.76,card,2025-02-27,44,625
1248,2602388.72,transfer,2025-05-15,26,625
1249,106302.45,crypto,2025-05-23,94,626
1250,329807.52,card,2024-09-12,39,626
1251,675269.16,crypto,2025-02-28,17,627
1252,197290.2,card,2025-03-22,48,628
1253,520184.49,crypto,2024-10-25,62,629
1254,499681.07,card,2025-01-25,30,630
1255,113612.53,crypto,2024-06-16,49,630
1256,248163.37,card,2025-05-01,41,630
1257,520184.49,card,2025-01-29,62,631
1258,268920.66,card,2024-09-11,28,632
1259,117697.4,transfer,2025-01-17,59,633
1260,106302.45,transfer,2024-07-27,94,633
1261,157099.43,card,2025-02-08,57,633
1262,41794.08,crypto,2024-12-25,32,634
1263,197290.2,card,2024-07-19,48,634
1264,282961.26,crypto,2025-01-31,52,634
1265,582221.01,card,2024-09-01,102,635
1266,410681.91,transfer,2024-06-13,95,635
1267,268920.66,transfer,2024-09-07,28,636
1268,2602388.72,transfer,2024-07-28,26,637
1269,306230.08,transfer,2024-10-18,66,637
1270,87085.26,crypto,2025-03-04,12,637
1271,233823.62,transfer,2024-12-22,13,638
1272,135927.01,crypto,2025-02-28,54,638
1273,499681.07,crypto,2024-09-22,30,639
1274,588812.0,transfer,2025-02-13,6,640
1275,105361.41,card,2024-09-20,56,640
1276,2602388.72,transfer,2024-09-11,26,640
1277,87085.26,crypto,2024-10-16,12,641
1278,711009.55,transfer,2024-07-16,65,642
1279,164597.14,transfer,2024-12-15,5,642
1280,59212.63,transfer,2024-12-16,100,643
1281,526624.91,card,2024-12-09,19,644
1282,190985.74,card,2025-05-29,50,644
1283,18066.04,transfer,2025-01-09,87,644
1284,266700.28,card,2024-10-20,40,645
1285,323911.36,transfer,2025-02-05,86,645
1286,2781580.89,crypto,2025-01-12,25,645
1287,182741.78,crypto,2024-07-13,96,646
1288,103974.97,card,2025-01-20,53,647
1289,197290.2,crypto,2024-06-21,48,647
1290,508150.09,card,2025-02-06,72,647
1291,53753.65,card,2024-11-13,60,648
1292,162820.26,transfer,2025-04-03,98,648
1293,117697.4,crypto,2025-04-20,59,649
1294,112408.81,crypto,2025-05-28,55,649
1295,207664.34,card,2024-06-30,8,649
1296,584306.78,transfer,2025-03-08,7,650
1297,197290.2,transfer,2024-07-03,48,650
1298,128419.88,transfer,2025-05-07,91,650
1299,130314.66,card,2025-02-24,1,651
1300,508150.09,transfer,2025-04-05,72,651
1301,323911.36,card,2024-09-11,86,652
1302,3674843.91,crypto,2024-12-12,21,652
1303,249837.27,card,2024-08-29,78,653
1304,383740.01,transfer,2024-07-02,67,653
1305,197290.2,transfer,2025-02-11,48,654
1306,95750.53,card,2024-10-24,69,654
1307,541378.14,card,2024-12-22,80,654
1308,162820.26,transfer,2024-08-23,98,655
1309,323911.36,card,2025-04-15,86,655
1310,130314.66,transfer,2024-09-03,1,655
1311,401956.89,card,2024-07-20,14,656
1312,28861.21,transfer,2025-04-27,76,657
1313,383740.01,transfer,2024-12-01,67,657
1314,28554.21,crypto,2024-07-26,89,658
1315,410681.91,crypto,2024-07-29,95,658
1316,45771.33,transfer,2025-03-01,93,659
1317,113023.31,transfer,2024-08-24,9,659
1318,225095.3,transfer,2025-01-10,81,659
1319,248163.37,card,2024-06-26,41,660
1320,582221.01,crypto,2024-12-22,102,661
1321,13680.06,transfer,2025-01-27,31,661
1322,499681.07,card,2024-11-10,30,661
1323,112408.81,crypto,2025-05-10,55,662
1324,711009.55,transfer,2024-08-29,65,662
1325,329807.52,transfer,2024-10-21,39,662
1326,156026.3,card,2025-04-14,47,663
1327,225095.3,transfer,2024-12-11,81,663
1328,269734.68,transfer,2025-01-18,84,663
1329,176790.76,card,2025-02-20,44,664
1330,113612.53,transfer,2025-03-26,49,664
1331,711009.55,card,2025-06-11,65,664
1332,582221.01,card,2025-01-26,102,665
1333,526312.69,card,2024-08-31,3,665
1334,79500.76,transfer,2024-09-03,88,665
1335,2781580.89,transfer,2024-12-03,25,666
1336,113612.53,transfer,2025-02-12,49,666
1337,702420.87,transfer,2024-11-27,4,666
1338,653545.92,transfer,2025-05-18,29,667
1339,103974.97,crypto,2024-08-23,53,667
1340,24869.61,transfer,2025-04-18,101,667
1341,41794.08,transfer,2024-12-14,32,668
1342,527536.16,crypto,2025-01-24,46,668
1343,130314.66,card,2024-11-24,1,669
1344,112408.81,card,2025-05-04,55,669
1345,520184.49,transfer,2024-10-16,62,669
1346,304821.89,transfer,2025-02-02,77,670
1347,582221.01,transfer,2025-02-08,102,670
1348,410681.91,card,2024-09-04,95,670
1349,95750.53,transfer,2024-06-13,69,671
1350,2680458.92,card,2025-04-08,22,671
1351,156026.3,transfer,2024-09-21,47,671
1352,3442644.3,crypto,2025-05-30,23,672
1353,268920.66,card,2024-08-10,28,673
1354,233823.62,transfer,2025-03-08,13,673
1355,164597.14,card,2024-10-04,5,673
1356,207664.34,card,2025-06-09,8,674
1357,28554.21,crypto,2025-04-19,89,674
1358,93517.95,transfer,2025-05-02,42,674
1359,2584288.57,crypto,2024-08-05,24,675
1360,460385.49,crypto,2025-04-02,97,676
1361,528920.06,crypto,2024-08-22,83,676
1362,508150.09,crypto,2024-07-10,72,676
1363,319991.44,crypto,2025-04-08,63,677
1364,283691.43,card,2024-12-14,38,678
1365,520184.49,crypto,2025-02-28,62,679
1366,476225.28,crypto,2024-10-20,2,679
1367,93517.95,crypto,2024-11-04,42,680
1368,28861.21,card,2024-12-08,76,681
1369,134562.35,card,2024-11-08,35,681
1370,2680458.92,transfer,2024-08-30,22,681
1371,593439.83,transfer,2025-02-13,85,682
1372,266700.28,transfer,2025-04-27,40,682
1373,233823.62,card,2024-09-02,13,683
1374,527536.16,transfer,2024-12-11,46,683
1375,87085.26,card,2025-03-31,12,684
1376,197290.2,card,2024-09-19,48,685
1377,329807.52,transfer,2025-05-21,39,685
1378,528920.06,transfer,2024-12-11,83,686
1379,79500.76,transfer,2024-07-26,88,686
1380,207664.34,transfer,2025-02-25,8,687
1381,128419.88,transfer,2024-07-25,91,687
1382,60252.01,card,2024-07-02,10,687
1383,179410.52,transfer,2024-07-25,75,688
1384,123374.72,transfer,2025-05-18,33,688
1385,508150.09,crypto,2024-11-22,72,688
1386,28861.21,card,2025-02-22,76,689
1387,306230.08,transfer,2025-02-01,66,689
1388,41794.08,transfer,2024-11-10,32,690
1389,299914.71,transfer,2024-09-17,37,690
1390,541378.14,card,2024-12-11,80,691
1391,28554.21,transfer,2024-11-26,89,692
1392,157099.43,crypto,2025-05-17,57,692
1393,156026.3,transfer,2024-07-17,47,693
1394,207664.34,card,2025-01-11,8,693
1395,269734.68,crypto,2025-04-08,84,694
1396,87085.26,card,2024-09-02,12,694
1397,26316.09,crypto,2024-09-08,43,694
1398,3674843.91,crypto,2025-01-29,21,695
1399,282961.26,crypto,2024-10-05,52,695
1400,299914.71,card,2025-05-05,37,695
1401,130116.12,crypto,2024-09-20,45,696
1402,2680458.92,transfer,2024-12-23,22,697
1403,283691.43,crypto,2024-12-25,38,697
1404,4492724.0,transfer,2025-04-23,20,697
1405,225095.3,transfer,2024-09-08,81,698
1406,128419.88,transfer,2025-05-02,91,699
1407,3674843.91,transfer,2025-02-15,21,699
1408,190985.74,transfer,2024-10-08,50,699
1409,193448.1,transfer,2024-10-22,74,700
1410,162820.26,transfer,2025-03-31,98,701
1411,526624.91,transfer,2024-10-26,19,701
1412,584306.78,crypto,2025-05-25,7,701
1413,233823.62,card,2024-11-14,13,702
1414,588812.0,crypto,2025-02-15,6,702
1415,95602.33,transfer,2025-03-26,64,703
1416,28861.21,crypto,2025-06-01,76,703
1417,299914.71,transfer,2025-01-02,37,704
1418,527536.16,transfer,2025-04-12,46,705
1419,93517.95,crypto,2024-12-24,42,706
1420,3442644.3,crypto,2024-09-19,23,707
1421,2602388.72,card,2024-11-04,26,708
1422,87085.26,card,2024-09-27,12,708
1423,527536.16,crypto,2024-10-08,46,709
1424,230580.44,crypto,2025-05-01,92,709
1425,162820.26,card,2024-08-21,98,709
1426,526312.69,crypto,2025-05-20,3,710
1427,117697.4,transfer,2024-08-14,59,711
1428,248163.37,crypto,2024-09-09,41,711
1429,593439.83,transfer,2024-12-16,85,711
1430,140562.81,transfer,2024-07-26,16,712
1431,582221.01,transfer,2025-04-25,102,712
1432,451689.21,crypto,2024-07-26,58,712
1433,401956.89,crypto,2025-04-30,14,713
1434,117697.4,crypto,2024-10-11,59,713
1435,304821.89,crypto,2025-01-17,77,713
1436,319730.82,transfer,2025-02-08,70,714
1437,2680458.92,crypto,2024-10-26,22,714
1438,294288.93,card,2024-10-24,71,714
1439,19753.75,transfer,2024-07-17,51,715
1440,4492724.0,crypto,2025-03-27,20,715
1441,582221.01,transfer,2024-09-14,102,716
1442,387747.83,transfer,2025-05-26,68,717
1443,95750.53,transfer,2024-09-04,69,717
1444,140562.81,card,2025-01-28,16,717
1445,105361.41,transfer,2024-10-09,56,718
1446,106302.45,crypto,2024-09-27,94,719
1447,225095.3,card,2025-05-07,81,719
1448,18066.04,crypto,2025-02-09,87,719
1449,248163.37,transfer,2025-01-20,41,720
1450,528920.06,crypto,2024-11-04,83,720
1451,213742.36,transfer,2024-12-29,27,720
1452,329807.52,transfer,2025-01-27,39,721
1453,176790.76,card,2024-08-07,44,721
1454,19753.75,card,2025-05-09,51,721
1455,196076.89,transfer,2024-09-16,34,722
1456,24869.61,card,2025-02-25,101,723
1457,269734.68,transfer,2025-03-26,84,723
1458,294288.93,crypto,2025-03-01,71,723
1459,48493.44,crypto,2024-09-27,82,724
1460,26316.09,transfer,2024-12-30,43,724
1461,248163.37,transfer,2024-09-27,41,725
1462,230580.44,card,2024-07-06,92,725
1463,28861.21,crypto,2024-08-22,76,726
1464,541378.14,crypto,2024-08-15,80,726
1465,93517.95,transfer,2024-12-31,42,726
1466,711009.55,crypto,2025-03-20,65,727
1467,79500.76,crypto,2025-05-23,88,727
1468,304821.89,crypto,2025-04-06,77,728
1469,112369.76,transfer,2025-04-01,36,729
1470,248163.37,transfer,2025-06-13,41,729
1471,319991.44,crypto,2024-07-30,63,729
1472,588812.0,card,2024-11-08,6,730
1473,319991.44,crypto,2025-01-27,63,730
1474,196159.96,transfer,2024-11-29,18,731
1475,113023.31,transfer,2025-04-24,9,732
1476,134562.35,card,2025-03-27,35,733
1477,319991.44,transfer,2025-06-12,63,734
1478,2584288.57,transfer,2024-10-14,24,735
1479,18066.04,crypto,2024-09-07,87,735
1480,190985.74,crypto,2025-01-06,50,735
1481,140562.81,transfer,2025-03-14,16,736
1482,123374.72,card,2024-09-30,33,736
1483,268920.66,card,2024-09-30,28,736
1484,53753.65,transfer,2024-07-20,60,737
1485,134547.32,crypto,2024-06-18,99,737
1486,134547.32,card,2024-06-17,99,738
1487,95750.53,crypto,2025-01-24,69,739
1488,213742.36,crypto,2025-06-13,27,739
1489,26316.09,transfer,2024-07-15,43,740
1490,528920.06,card,2024-11-19,83,740
1491,329807.52,transfer,2024-12-06,39,741
1492,28554.21,card,2024-09-19,89,742
1493,266700.28,card,2025-06-03,40,742
1494,451689.21,crypto,2024-08-23,58,742
1495,266700.28,transfer,2024-12-18,40,743
1496,207664.34,crypto,2024-09-24,8,743
1497,182741.78,crypto,2025-06-04,96,744
1498,252268.45,crypto,2025-04-06,61,744
1499,196159.96,card,2025-03-05,18,744
1500,620615.35,transfer,2025-03-08,15,745
1501,526312.69,crypto,2024-08-24,3,746
1502,4492724.0,crypto,2025-05-18,20,746
1503,319991.44,crypto,2025-01-10,63,746
1504,79500.76,card,2025-02-08,88,747
1505,283691.43,transfer,2025-03-26,38,747
1506,28861.21,card,2024-12-27,76,747
1507,526624.91,card,2025-01-29,19,748
1508,134562.35,crypto,2024-08-03,35,748
1509,60252.01,crypto,2024-12-11,10,749
1510,593439.83,card,2024-12-17,85,749
1511,653545.92,transfer,2025-04-08,29,750
1512,526624.91,crypto,2024-11-06,19,750
1513,319991.44,crypto,2025-05-31,63,751
1514,383740.01,card,2025-03-07,67,752
1515,182741.78,crypto,2024-09-26,96,752
1516,196159.96,card,2024-10-16,18,753
1517,233823.62,transfer,2024-11-30,13,753
1518,306230.08,transfer,2025-01-18,66,753
1519,3674843.91,transfer,2024-07-02,21,754
1520,675269.16,crypto,2024-12-24,17,755
1521,520184.49,card,2025-05-01,62,755
1522,182741.78,transfer,2024-07-10,96,756
1523,299914.71,crypto,2024-07-03,37,756
1524,294288.93,crypto,2025-02-05,71,756
1525,53753.65,card,2025-02-11,60,757
1526,383740.01,card,2024-07-25,67,757
1527,268920.66,transfer,2024-06-23,28,758
1528,283691.43,transfer,2024-09-30,38,758
1529,28861.21,crypto,2025-03-26,76,759
1530,193448.1,transfer,2025-04-05,74,760
1531,4492724.0,transfer,2024-06-29,20,760
1532,87085.26,card,2025-06-05,12,760
1533,130314.66,card,2025-02-08,1,761
1534,24869.61,crypto,2025-06-04,101,761
1535,528920.06,card,2024-07-29,83,762
1536,18066.04,card,2024-11-26,87,762
1537,282961.26,crypto,2024-09-16,52,763
1538,79500.76,transfer,2024-12-01,88,764
1539,2602388.72,card,2024-11-29,26,765
1540,526312.69,transfer,2025-05-02,3,766
1541,190985.74,card,2025-02-12,50,766
1542,266700.28,card,2024-12-11,40,767
1543,193448.1,transfer,2024-10-07,74,768
1544,207664.34,card,2025-02-27,8,768
1545,134562.35,crypto,2024-07-13,35,768
1546,3674843.91,crypto,2025-05-19,21,769
1547,528920.06,crypto,2025-06-01,83,769
1548,451689.21,transfer,2025-02-25,58,770
1549,269734.68,card,2025-05-24,84,770
1550,112408.81,crypto,2024-08-09,55,770
1551,157099.43,transfer,2024-06-25,57,771
1552,134547.32,card,2024-09-22,99,771
1553,95750.53,transfer,2024-07-20,69,771
1554,117697.4,transfer,2024-10-24,59,772
1555,41794.08,crypto,2024-10-31,32,772
1556,135927.01,card,2024-08-11,54,772
1557,113023.31,transfer,2025-01-26,9,773
1558,196076.89,crypto,2025-02-17,34,773
1559,113612.53,card,2025-03-13,49,774
1560,28861.21,crypto,2024-10-21,76,774
1561,28861.21,card,2024-09-07,76,775
1562,294288.93,crypto,2025-01-17,71,775
1563,19753.75,transfer,2024-11-04,51,775
1564,113023.31,transfer,2025-04-21,9,776
1565,582221.01,card,2025-03-01,102,776
1566,528920.06,card,2024-06-29,83,776
1567,18066.04,crypto,2024-10-12,87,777
1568,282961.26,card,2024-09-13,52,777
1569,196159.96,crypto,2025-02-24,18,777
1570,304821.89,card,2025-03-25,77,778
1571,134562.35,card,2025-03-26,35,778
1572,14367.4,transfer,2025-03-13,79,778
1573,176790.76,crypto,2025-04-06,44,779
1574,190985.74,transfer,2025-05-14,50,780
1575,176790.76,card,2025-04-07,44,780
1576,95602.33,card,2024-11-12,64,781
1577,702420.87,transfer,2024-11-18,4,781
1578,157099.43,crypto,2024-06-29,57,781
1579,190985.74,transfer,2024-09-06,50,782
1580,117697.4,crypto,2024-07-23,59,783
1581,528920.06,card,2024-10-30,83,783
1582,45771.33,card,2025-05-30,93,784
1583,593439.83,transfer,2025-05-06,85,784
1584,283691.43,card,2025-04-13,38,785
1585,451689.21,crypto,2024-07-05,58,786
1586,60252.01,transfer,2025-04-02,10,787
1587,451689.21,crypto,2024-07-27,58,787
1588,112369.76,transfer,2024-11-09,36,787
1589,26316.09,card,2024-09-27,43,788
1590,2602388.72,transfer,2025-03-11,26,789
1591,526624.91,card,2024-11-03,19,789
1592,541378.14,card,2025-03-30,80,789
1593,329807.52,card,2025-02-19,39,790
1594,213742.36,transfer,2024-12-12,27,790
1595,593439.83,transfer,2024-08-23,85,790
1596,87085.26,crypto,2025-04-21,12,791
1597,103974.97,card,2024-06-16,53,791
1598,14367.4,crypto,2025-01-16,79,791
1599,103974.97,transfer,2024-08-12,53,792
1600,48493.44,transfer,2024-08-02,82,792
1601,299914.71,crypto,2025-01-16,37,792
1602,93517.95,crypto,2025-03-31,42,793
1603,95602.33,transfer,2025-04-12,64,793
1604,499681.07,transfer,2024-09-15,30,793
1605,526624.91,crypto,2024-11-21,19,794
1606,2781580.89,card,2024-11-24,25,794
1607,520184.49,transfer,2025-02-14,62,795
1608,451689.21,card,2024-07-12,58,795
1609,2602388.72,card,2024-08-13,26,796
1610,197290.2,crypto,2025-04-25,48,796
1611,134562.35,card,2025-04-13,35,797
1612,266700.28,card,2024-08-22,40,797
1613,207664.34,card,2024-10-05,8,797
1614,87085.26,card,2024-10-14,12,798
1615,401956.89,crypto,2024-09-10,14,798
1616,79500.76,transfer,2024-09-20,88,798
1617,3674843.91,card,2024-06-22,21,799
1618,24869.61,card,2025-01-06,101,799
1619,283691.43,transfer,2025-01-05,38,800
1620,213742.36,card,2025-05-15,27,801
1621,323911.36,transfer,2025-01-27,86,801
1622,105361.41,transfer,2025-03-01,56,801
1623,41794.08,crypto,2025-01-03,32,802
1624,383740.01,transfer,2025-02-19,67,802
1625,41794.08,crypto,2025-01-13,32,803
1626,451689.21,transfer,2024-12-31,58,803
1627,294288.93,transfer,2024-08-05,71,803
1628,130116.12,crypto,2024-12-23,45,804
1629,130314.66,transfer,2024-07-26,1,804
1630,117697.4,transfer,2025-02-14,59,805
1631,3442644.3,crypto,2025-05-27,23,805
1632,410681.91,transfer,2024-12-19,95,805
1633,28861.21,card,2024-10-09,76,806
1634,249837.27,crypto,2024-12-12,78,806
1635,2584288.57,crypto,2024-09-12,24,806
1636,3674843.91,crypto,2024-07-12,21,807
1637,582221.01,transfer,2025-02-05,102,807
1638,4492724.0,crypto,2024-08-28,20,807
1639,123374.72,crypto,2025-03-25,33,808
1640,267592.08,crypto,2024-09-12,73,808
1641,711009.55,card,2025-03-31,65,809
1642,134547.32,crypto,2025-05-01,99,809
1643,117697.4,transfer,2024-09-17,59,810
1644,128419.88,transfer,2024-06-15,91,810
1645,176790.76,card,2025-03-17,44,811
1646,267592.08,card,2024-07-04,73,811
1647,2680458.92,card,2024-08-26,22,812
1648,130116.12,card,2024-07-20,45,813
1649,675269.16,card,2025-05-30,17,814
1650,323911.36,crypto,2024-08-01,86,815
1651,105361.41,card,2025-03-16,56,816
1652,48493.44,card,2024-10-05,82,816
1653,294288.93,crypto,2024-08-25,71,816
1654,248163.37,card,2025-05-22,41,817
1655,45771.33,crypto,2024-10-07,93,817
1656,164597.14,card,2025-03-06,5,817
1657,59212.63,card,2025-03-05,100,818
1658,3674843.91,card,2025-04-25,21,818
1659,2781580.89,card,2024-09-08,25,818
1660,2602388.72,transfer,2025-03-13,26,819
1661,113612.53,transfer,2025-06-07,49,819
1662,113023.31,crypto,2024-07-14,9,819
1663,87085.26,crypto,2025-01-25,12,820
1664,383740.01,crypto,2025-02-10,67,820
1665,476225.28,transfer,2025-01-28,2,820
1666,79500.76,card,2024-09-13,88,821
1667,451689.21,crypto,2025-03-11,58,822
1668,508150.09,card,2024-08-24,72,822
1669,112408.81,crypto,2025-02-10,55,822
1670,304821.89,card,2025-02-10,77,823
1671,140562.81,card,2024-09-28,16,824
1672,105361.41,card,2025-05-06,56,824
1673,106302.45,card,2024-09-21,94,824
1674,130314.66,crypto,2024-08-13,1,825
1675,130116.12,card,2025-03-22,45,825
1676,460385.49,transfer,2024-12-17,97,826
1677,87085.26,card,2025-01-07,12,827
1678,304821.89,crypto,2024-09-15,77,827
1679,329807.52,card,2025-02-16,39,828
1680,319730.82,crypto,2024-12-15,70,828
1681,306230.08,card,2025-05-25,66,829
1682,299914.71,crypto,2024-06-21,37,829
1683,14367.4,card,2024-09-20,79,829
1684,304821.89,crypto,2024-06-14,77,830
1685,193448.1,crypto,2025-05-07,74,830
1686,60252.01,crypto,2024-07-09,10,831
1687,588812.0,crypto,2025-02-25,6,831
1688,410681.91,transfer,2024-08-24,95,831
1689,112408.81,transfer,2024-10-14,55,832
1690,113612.53,transfer,2025-01-31,49,832
1691,134547.32,transfer,2025-02-07,99,833
1692,319730.82,transfer,2025-03-09,70,833
1693,675269.16,transfer,2024-07-17,17,833
1694,190985.74,crypto,2024-10-15,50,834
1695,319730.82,transfer,2025-05-19,70,834
1696,60252.01,crypto,2025-05-03,10,835
1697,134547.32,crypto,2025-05-24,99,835
1698,190985.74,card,2024-12-22,50,835
1699,3442644.3,transfer,2024-11-29,23,836
1700,13680.06,crypto,2025-05-04,31,837
1701,319991.44,crypto,2025-03-21,63,838
1702,267592.08,transfer,2024-12-05,73,839
1703,79500.76,transfer,2024-06-21,88,839
1704,476225.28,transfer,2025-01-29,2,839
1705,213742.36,crypto,2024-07-26,27,840
1706,93517.95,transfer,2025-01-20,42,840
1707,593439.83,crypto,2024-12-21,85,840
1708,24869.61,card,2025-05-18,101,841
1709,182741.78,transfer,2024-11-14,96,841
1710,499681.07,transfer,2025-04-11,30,842
1711,59212.63,card,2024-06-17,100,842
1712,248163.37,transfer,2025-04-29,41,842
1713,130116.12,crypto,2024-12-28,45,843
1714,304821.89,card,2025-06-04,77,843
1715,225095.3,crypto,2024-06-13,81,844
1716,134562.35,transfer,2025-03-29,35,844
1717,197290.2,crypto,2024-10-15,48,845
1718,162820.26,card,2024-10-13,98,845
1719,584306.78,crypto,2024-10-02,7,845
1720,79500.76,transfer,2025-05-28,88,846
1721,451689.21,transfer,2024-10-23,58,847
1722,140562.81,card,2024-06-16,16,848
1723,582221.01,card,2024-11-26,102,848
1724,128419.88,crypto,2024-08-31,91,849
1725,18066.04,transfer,2024-09-04,87,849
1726,3674843.91,transfer,2025-01-16,21,850
1727,14367.4,card,2025-04-28,79,850
1728,541378.14,card,2025-06-08,80,851
1729,383740.01,card,2024-12-30,67,851
1730,527536.16,transfer,2024-11-12,46,852
1731,711009.55,crypto,2024-10-03,65,853
1732,130314.66,card,2025-05-02,1,853
1733,653545.92,card,2024-09-16,29,854
1734,130314.66,transfer,2024-12-05,1,855
1735,128419.88,crypto,2024-08-28,91,855
1736,528920.06,crypto,2024-12-14,83,856
1737,84428.56,transfer,2025-01-29,90,857
1738,266700.28,transfer,2024-07-01,40,857
1739,106302.45,crypto,2024-10-15,94,858
1740,140562.81,transfer,2024-06-25,16,858
1741,93517.95,card,2024-10-01,42,859
1742,95602.33,transfer,2024-11-17,64,860
1743,233823.62,card,2024-09-14,13,860
1744,19753.75,transfer,2024-11-26,51,860
1745,196076.89,crypto,2024-09-06,34,861
1746,527536.16,card,2024-06-13,46,861
1747,620615.35,card,2024-08-14,15,861
1748,499681.07,card,2024-12-05,30,862
1749,162820.26,transfer,2024-10-09,98,863
1750,319991.44,card,2025-05-09,63,863
1751,508150.09,card,2025-01-18,72,864
1752,268920.66,transfer,2025-03-25,28,864
1753,14367.4,transfer,2024-10-11,79,864
1754,2781580.89,crypto,2025-03-27,25,865
1755,383740.01,transfer,2025-02-10,67,865
1756,95602.33,crypto,2024-10-20,64,865
1757,526624.91,card,2025-05-09,19,866
1758,41794.08,transfer,2025-05-30,32,867
1759,179410.52,transfer,2025-03-10,75,868
1760,387747.83,crypto,2025-03-01,68,869
1761,95750.53,crypto,2025-02-20,69,869
1762,135927.01,card,2024-08-03,54,870
1763,179410.52,transfer,2024-08-17,75,870
1764,134547.32,card,2025-01-20,99,870
1765,117697.4,crypto,2025-05-09,59,871
1766,190985.74,card,2025-06-03,50,871
1767,156026.3,crypto,2024-10-25,47,871
1768,593439.83,card,2024-12-26,85,872
1769,26316.09,transfer,2024-07-27,43,873
1770,93517.95,transfer,2024-08-07,42,873
1771,79500.76,transfer,2024-11-12,88,874
1772,520184.49,transfer,2024-09-11,62,874
1773,48493.44,crypto,2025-04-08,82,875
1774,196159.96,transfer,2025-04-27,18,875
1775,584306.78,transfer,2025-01-27,7,875
1776,299914.71,transfer,2024-10-17,37,876
1777,113023.31,transfer,2024-12-14,9,877
1778,13680.06,card,2025-01-03,31,877
1779,299914.71,transfer,2024-11-07,37,877
1780,41794.08,card,2024-11-08,32,878
1781,176790.76,card,2024-07-01,44,879
1782,196076.89,card,2024-11-12,34,880
1783,711009.55,transfer,2024-11-26,65,880
1784,45771.33,card,2024-06-18,93,881
1785,499681.07,card,2025-03-15,30,881
1786,584306.78,crypto,2024-10-31,7,881
1787,134547.32,card,2025-01-27,99,882
1788,113023.31,crypto,2025-06-05,9,882
1789,282961.26,transfer,2025-04-04,52,882
1790,3674843.91,transfer,2024-11-19,21,883
1791,84428.56,crypto,2025-02-09,90,883
1792,95602.33,card,2025-01-17,64,884
1793,28861.21,transfer,2024-08-17,76,884
1794,267592.08,crypto,2025-03-12,73,884
1795,2680458.92,card,2025-04-26,22,885
1796,213742.36,crypto,2024-06-20,27,885
1797,176790.76,card,2025-02-21,44,886
1798,526312.69,transfer,2025-01-01,3,887
1799,190985.74,crypto,2025-01-21,50,887
1800,410681.91,crypto,2024-11-17,95,887
1801,182741.78,card,2024-09-05,96,888
1802,230580.44,crypto,2025-02-14,92,888
1803,79500.76,transfer,2024-12-17,88,889
1804,106302.45,card,2024-10-31,94,889
1805,117697.4,crypto,2025-03-26,59,890
1806,106302.45,transfer,2025-01-01,94,890
1807,128419.88,crypto,2025-05-25,91,891
1808,134547.32,transfer,2024-10-14,99,891
1809,584306.78,card,2024-10-11,7,891
1810,26316.09,transfer,2025-01-24,43,892
1811,130314.66,transfer,2025-04-12,1,893
1812,59212.63,card,2024-10-17,100,893
1813,18066.04,card,2025-04-12,87,893
1814,207664.34,card,2024-08-08,8,894
1815,476225.28,card,2025-04-22,2,894
1816,675269.16,transfer,2024-07-10,17,894
1817,225095.3,crypto,2025-05-28,81,895
1818,675269.16,card,2025-05-16,17,895
1819,319991.44,transfer,2025-05-22,63,895
1820,179410.52,card,2025-03-28,75,896
1821,60252.01,transfer,2025-03-17,10,896
1822,3442644.3,transfer,2024-07-07,23,896
1823,14367.4,crypto,2025-01-23,79,897
1824,588812.0,crypto,2025-03-12,6,897
1825,476225.28,crypto,2024-11-28,2,898
1826,79500.76,crypto,2024-08-26,88,898
1827,323911.36,crypto,2025-05-04,86,899
1828,84428.56,card,2024-06-23,90,899
1829,135927.01,crypto,2025-03-26,54,899
1830,323911.36,crypto,2025-01-15,86,900
1831,711009.55,crypto,2025-03-26,65,901
1832,588812.0,crypto,2024-06-26,6,901
1833,24869.61,card,2024-12-30,101,901
1834,112369.76,crypto,2025-06-02,36,902
1835,162820.26,card,2024-07-24,98,903
1836,2680458.92,card,2024-10-10,22,904
1837,93517.95,crypto,2025-01-02,42,905
1838,28861.21,transfer,2025-05-13,76,905
1839,230580.44,card,2024-09-23,92,905
1840,45771.33,transfer,2025-03-26,93,906
1841,130314.66,card,2025-04-09,1,906
1842,252268.45,transfer,2024-12-03,61,907
1843,2781580.89,card,2024-08-04,25,907
1844,387747.83,crypto,2024-07-17,68,908
1845,4492724.0,crypto,2024-11-08,20,908
1846,113023.31,crypto,2025-03-13,9,908
1847,134562.35,crypto,2025-06-01,35,909
1848,196076.89,crypto,2024-10-21,34,909
1849,93517.95,crypto,2025-02-26,42,909
1850,233823.62,transfer,2024-09-10,13,910
1851,3674843.91,card,2025-04-14,21,910
1852,2680458.92,crypto,2025-03-12,22,910
1853,230580.44,card,2025-02-18,92,911
1854,3442644.3,transfer,2024-11-16,23,911
1855,196076.89,crypto,2025-04-06,34,912
1856,249837.27,card,2024-09-14,78,913
1857,123374.72,card,2024-08-26,33,913
1858,112369.76,transfer,2024-07-19,36,913
1859,499681.07,transfer,2024-08-30,30,914
1860,156026.3,crypto,2025-03-20,47,915
1861,387747.83,transfer,2025-06-10,68,915
1862,92646.29,card,2024-12-17,11,916
1863,711009.55,card,2024-10-18,65,916
1864,84428.56,crypto,2025-03-30,90,917
1865,176790.76,card,2024-09-16,44,917
1866,410681.91,crypto,2025-02-01,95,917
1867,106302.45,transfer,2024-12-14,94,918
1868,207664.34,card,2025-02-20,8,918
1869,213742.36,transfer,2025-01-08,27,919
1870,130314.66,transfer,2025-03-29,1,920
1871,28554.21,crypto,2025-01-25,89,921
1872,299914.71,card,2024-12-25,37,922
1873,19753.75,card,2024-12-08,51,923
1874,28861.21,crypto,2025-04-10,76,923
1875,157099.43,transfer,2025-03-21,57,924
1876,87085.26,card,2024-12-22,12,925
1877,60252.01,transfer,2025-01-26,10,925
1878,207664.34,card,2024-07-13,8,925
1879,95602.33,transfer,2024-10-06,64,926
1880,130116.12,card,2024-12-09,45,926
1881,528920.06,transfer,2024-10-21,83,926
1882,526624.91,transfer,2025-05-26,19,927
1883,41794.08,card,2025-05-01,32,928
1884,387747.83,card,2024-10-22,68,928
1885,93517.95,transfer,2024-11-12,42,928
1886,105361.41,transfer,2024-10-23,56,929
1887,527536.16,transfer,2024-09-20,46,930
1888,84428.56,card,2024-08-02,90,930
1889,113612.53,card,2025-01-04,49,930
1890,451689.21,transfer,2025-01-04,58,931
1891,92646.29,card,2025-06-10,11,931
1892,304821.89,crypto,2025-06-05,77,931
1893,135927.01,card,2025-02-18,54,932
1894,156026.3,transfer,2024-07-03,47,932
1895,299914.71,crypto,2024-09-23,37,932
1896,3674843.91,card,2024-08-26,21,933
1897,113023.31,crypto,2025-04-12,9,933
1898,508150.09,card,2024-10-10,72,934
1899,106302.45,transfer,2025-01-08,94,935
1900,60252.01,crypto,2024-09-29,10,935
1901,593439.83,card,2024-09-04,85,936
1902,329807.52,transfer,2024-07-19,39,937
1903,113612.53,crypto,2025-03-03,49,938
1904,156026.3,transfer,2025-03-11,47,938
1905,2602388.72,card,2025-04-09,26,939
1906,266700.28,transfer,2025-02-23,40,939
1907,197290.2,crypto,2024-09-04,48,939
1908,2584288.57,crypto,2025-04-04,24,940
1909,112369.76,crypto,2024-12-25,36,941
1910,134547.32,card,2024-09-17,99,941
1911,520184.49,transfer,2025-03-07,62,941
1912,41794.08,crypto,2024-10-23,32,942
1913,92646.29,card,2024-07-28,11,942
1914,323911.36,card,2025-06-02,86,943
1915,140562.81,transfer,2025-03-02,16,944
1916,269734.68,crypto,2024-12-26,84,945
1917,179410.52,transfer,2024-09-13,75,945
1918,112408.81,crypto,2025-05-28,55,945
1919,196076.89,card,2025-02-27,34,946
1920,95602.33,crypto,2024-12-05,64,946
1921,93517.95,transfer,2025-05-18,42,947
1922,299914.71,crypto,2024-10-19,37,948
1923,267592.08,card,2025-03-19,73,948
1924,268920.66,transfer,2024-09-26,28,949
1925,499681.07,transfer,2024-09-08,30,949
1926,123374.72,crypto,2024-11-01,33,950
1927,230580.44,crypto,2025-02-15,92,950
1928,164597.14,transfer,2025-05-11,5,950
1929,112408.81,card,2024-07-24,55,951
1930,4492724.0,crypto,2024-10-11,20,951
1931,113023.31,card,2025-05-13,9,951
1932,196159.96,card,2024-12-05,18,952
1933,319730.82,card,2025-04-27,70,952
1934,520184.49,crypto,2025-05-09,62,953
1935,79500.76,card,2025-06-11,88,953
1936,92646.29,card,2024-07-06,11,953
1937,620615.35,transfer,2024-11-15,15,954
1938,248163.37,crypto,2024-08-17,41,955
1939,79500.76,crypto,2025-02-28,88,956
1940,93517.95,transfer,2025-02-15,42,957
1941,190985.74,crypto,2024-12-15,50,957
1942,252268.45,card,2024-07-05,61,957
1943,182741.78,card,2025-06-07,96,958
1944,620615.35,card,2024-12-27,15,958
1945,18066.04,transfer,2024-07-01,87,958
1946,123374.72,crypto,2024-08-11,33,959
1947,41794.08,transfer,2024-10-10,32,959
1948,196159.96,crypto,2025-05-02,18,959
1949,526312.69,crypto,2025-05-02,3,960
1950,269734.68,card,2024-12-17,84,961
1951,675269.16,card,2024-09-17,17,962
1952,252268.45,card,2025-06-04,61,963
1953,282961.26,crypto,2025-05-26,52,963
1954,675269.16,card,2024-12-12,17,963
1955,45771.33,crypto,2024-12-18,93,964
1956,24869.61,transfer,2024-12-06,101,964
1957,95602.33,card,2025-02-07,64,965
1958,213742.36,transfer,2024-08-19,27,965
1959,112369.76,crypto,2024-10-28,36,966
1960,268920.66,card,2025-03-24,28,967
1961,526312.69,card,2025-01-12,3,968
1962,95750.53,card,2025-01-24,69,968
1963,197290.2,crypto,2025-01-16,48,969
1964,294288.93,transfer,2025-03-25,71,969
1965,95602.33,card,2024-07-09,64,969
1966,112369.76,card,2024-12-26,36,970
1967,103974.97,transfer,2025-05-02,53,971
1968,653545.92,crypto,2024-10-20,29,971
1969,508150.09,card,2025-05-21,72,972
1970,130116.12,crypto,2024-10-04,45,972
1971,499681.07,crypto,2025-04-20,30,972
1972,508150.09,transfer,2024-12-26,72,973
1973,526624.91,transfer,2025-02-25,19,973
1974,410681.91,card,2025-03-12,95,973
1975,304821.89,card,2024-11-22,77,974
1976,225095.3,transfer,2025-05-18,81,974
1977,387747.83,transfer,2024-12-17,68,975
1978,176790.76,crypto,2024-08-10,44,976
1979,13680.06,crypto,2024-12-10,31,976
1980,113023.31,card,2025-03-26,9,977
1981,207664.34,crypto,2024-06-29,8,977
1982,410681.91,crypto,2025-05-01,95,977
1983,267592.08,card,2024-08-02,73,978
1984,18066.04,crypto,2025-03-08,87,978
1985,383740.01,card,2024-07-20,67,979
1986,128419.88,transfer,2025-06-11,91,979
1987,24869.61,card,2025-06-01,101,980
1988,87085.26,card,2025-06-05,12,981
1989,584306.78,transfer,2024-11-05,7,981
1990,526624.91,crypto,2025-03-05,19,982
1991,593439.83,card,2025-03-24,85,982
1992,113023.31,crypto,2025-04-25,9,983
1993,59212.63,transfer,2024-09-08,100,983
1994,130116.12,card,2024-06-27,45,983
1995,319991.44,card,2024-10-29,63,984
1996,3674843.91,card,2025-03-05,21,984
1997,588812.0,card,2025-06-08,6,984
1998,156026.3,card,2025-04-01,47,985
1999,528920.06,transfer,2025-03-20,83,985
2000,113612.53,crypto,2024-10-31,49,985
2001,675269.16,crypto,2025-03-15,17,986
2002,95750.53,transfer,2025-03-08,69,986
2003,230580.44,transfer,2024-11-12,92,986
2004,18066.04,crypto,2024-07-20,87,987
2005,528920.06,card,2024-08-08,83,988
2006,584306.78,card,2024-12-28,7,989
2007,140562.81,transfer,2025-05-11,16,989
2008,26316.09,card,2024-08-04,43,990
2009,182741.78,crypto,2024-07-26,96,990
2010,249837.27,crypto,2024-08-27,78,990
2011,134562.35,card,2024-12-25,35,991
2012,190985.74,transfer,2024-12-30,50,991
2013,14367.4,transfer,2025-05-21,79,991
2014,123374.72,transfer,2025-05-17,33,992
2015,45771.33,crypto,2024-06-30,93,992
2016,196076.89,card,2024-07-25,34,993
2017,41794.08,transfer,2024-07-02,32,993
2018,95750.53,transfer,2024-10-27,69,994
2019,130116.12,card,2025-05-05,45,995
2020,53753.65,crypto,2024-06-15,60,995
2021,179410.52,crypto,2025-04-23,75,995
2022,182741.78,crypto,2024-08-03,96,996
2023,106302.45,crypto,2024-08-21,94,996
2024,266700.28,transfer,2025-03-17,40,997
2025,319730.82,crypto,2024-09-08,70,997
2026,401956.89,card,2024-11-11,14,998
2027,282961.26,transfer,2024-10-01,52,998
2028,294288.93,card,2024-09-01,71,998
2029,702420.87,card,2025-05-04,4,999
2030,3442644.3,crypto,2024-12-11,23,999
2031,190985.74,crypto,2025-02-08,50,999
2032,711009.55,transfer,2024-10-14,65,1000
2033,135927.01,card,2024-08-06,54,1000
